Source,Target,Weight,Type
TIAM1_[M],ALB_[M],4,Undirected
HUWE1_[S],AHNAK2_[M],7,Undirected
RYR2_[SS],RYR1_[M],5,Undirected
NES_[S],LAMA1_[M],5,Undirected
SPTBN4_[M],PTPRN_[M],4,Undirected
SIPA1L1_[M],IQGAP1_[M],4,Undirected
NIN_[M],HERC2_[M],5,Undirected
TTN_[N],ANK1_[M],4,Undirected
TRIOBP_[M],MYH9_[M],12,Undirected
MAGI1_[M],LRP2_[M],9,Undirected
OBSL1_[S],FLNC_[M],6,Undirected
TTN_[S],CPSF6_[M],12,Undirected
TNN_[M],ACTN2_[M],9,Undirected
TNN_[M],ACTN2_[S],4,Undirected
FH_[M],CPS1_[M],4,Undirected
LRRC7_[M],CDH2_[M],8,Undirected
SMARCAD1_[M],NTRK1_[S],4,Undirected
NTRK1_[M],GNAS_[M],4,Undirected
TNR_[S],PTPRZ1_[M],6,Undirected
XIRP2_[S],NEB_[M],12,Undirected
SMARCA4_[M],MYOCD_[M],5,Undirected
PHKA1_[M],HERC2_[M],4,Undirected
VPS13A_[M],EGFR_[M],5,Undirected
SPZ1_[M],HERC2_[M],5,Undirected
RYR2_[M],CFTR_[M],13,Undirected
KALRN_[M],DISC1_[M],6,Undirected
HERC2_[M],BICD1_[M],4,Undirected
SYNE1_[M],CEP63_[M],6,Undirected
ZNF638_[M],OBSL1_[S],5,Undirected
APC_[M],ANKRD17_[M],4,Undirected
MYO18A_[M],KIAA1211_[S],4,Undirected
KALRN_[M],DICER1_[M],5,Undirected
PALLD_[M],NINL_[M],5,Undirected
SYNE1_[M],APC_[M],8,Undirected
PCNX_[N],KDM5B_[M],5,Undirected
MDN1_[S],LRRK2_[M],4,Undirected
HERC2_[M],BIRC6_[M],12,Undirected
OBSCN_[M],ANK1_[M],9,Undirected
LRRK2_[M],DYNC1H1_[M],7,Undirected
MYH9_[M],DST_[M],4,Undirected
MACF1_[S],FN1_[M],4,Undirected
KHDRBS2_[M],FGA_[M],4,Undirected
SPARC_[S],COL3A1_[M],4,Undirected
HUWE1_[M],CPT1A_[M],5,Undirected
AOX1_[M],ABCA1_[M],6,Undirected
COL1A2_[M],COL1A1_[M],6,Undirected
YLPM1_[M],CHGB_[M],4,Undirected
MOV10_[M],KIF21A_[M],4,Undirected
TTN_[M],TRIM63_[M],4,Undirected
KDM5B_[M],CACNA1A_[M],4,Undirected
HMCN1_[M],CLP1_[M],4,Undirected
KIAA0368_[M],KDM2B_[M],4,Undirected
TRIM29_[M],SYNE1_[M],8,Undirected
NTRK1_[M],ANK2_[S],5,Undirected
TTN_[S],ANXA7_[M],5,Undirected
CEP192_[M],ALMS1_[M],5,Undirected
UBR4_[M],SART3_[M],4,Undirected
SMC3_[M],HERC2_[M],4,Undirected
MAPKBP1_[M],KEAP1_[M],5,Undirected
TTN_[M],CRYAB_[M],6,Undirected
XIRP2_[M],NSMAF_[M],8,Undirected
TTN_[M],CEP57_[M],8,Undirected
NACA_[M],HUWE1_[M],4,Undirected
RBFOX1_[M],ATXN2_[M],4,Undirected
PRMT5_[M],FBXO6_[S],4,Undirected
SRRM2_[M],PLEC_[M],5,Undirected
RYR2_[M],CACNA1C_[N],6,Undirected
RYR2_[M],CACNA1C_[M],56,Undirected
RYR2_[M],CACNA1C_[S],15,Undirected
TTN_[S],SRSF2_[M],4,Undirected
THOC2_[M],AKAP9_[M],7,Undirected
FLNB_[M],AHNAK_[M],5,Undirected
HDLBP_[M],DHX9_[S],4,Undirected
VCAM1_[M],KPNB1_[M],4,Undirected
TTI1_[M],SMG1_[M],6,Undirected
IARS2_[M],CDH2_[M],5,Undirected
ZNF33A_[M],CCDC132_[M],4,Undirected
TTN_[M],TRIM55_[S],26,Undirected
TTN_[M],TRIM55_[N],6,Undirected
TTN_[M],TRIM55_[M],43,Undirected
PAX6_[S],APOB_[M],4,Undirected
RAPGEF2_[M],FLNC_[M],8,Undirected
PDE4DIP_[M],ANKRD11_[S],4,Undirected
HERC2_[M],AKAP9_[M],11,Undirected
RIMS1_[S],MYH1_[M],6,Undirected
NEB_[M],ACTG2_[M],5,Undirected
HTATSF1_[M],AP3D1_[S],4,Undirected
TTN_[M],ANK1_[SS],5,Undirected
HERC2_[M],BRCA1_[M],8,Undirected
HERC2_[M],ASPM_[M],18,Undirected
HERC2_[M],ASPM_[S],4,Undirected
SYT13_[M],NRXN1_[M],6,Undirected
PPP2R5C_[M],EP300_[S],4,Undirected
PTPRD_[M],PPFIA3_[M],5,Undirected
ZNF536_[M],FOXC2_[M],8,Undirected
SYNE1_[M],NTRK1_[M],11,Undirected
SYNE1_[M],NTRK1_[S],4,Undirected
GRIK1_[M],DLG4_[M],4,Undirected
MEOX2_[M],ADAMTS12_[M],10,Undirected
ROR2_[M],C1orf94_[M],6,Undirected
MEOX2_[M],ADAMTS12_[S],4,Undirected
RNF31_[M],KIF1A_[M],6,Undirected
ZNF521_[M],LYST_[M],12,Undirected
LRRC7_[M],DLG4_[M],7,Undirected
CDH2_[M],CDH11_[M],7,Undirected
XIST_[R],BRCA1_[M],6,Undirected
NOS1_[M],DMD_[M],8,Undirected
RIMS1_[M],LRRK1_[M],4,Undirected
RIMS1_[M],LRRK1_[S],4,Undirected
GRIK2_[M],DLG4_[M],4,Undirected
TTN_[M],COPS5_[M],6,Undirected
ITGA4_[M],DYNC1H1_[M],4,Undirected
KLHL7_[M],BOD1L1_[M],6,Undirected
PTPRD_[M],EGFR_[M],7,Undirected
NIN_[M],FAM83B_[M],6,Undirected
ITSN2_[M],GOLGB1_[M],4,Undirected
NID1_[M],LAMC1_[M],5,Undirected
PPP2R1A_[M],CTNNA2_[M],8,Undirected
ZMIZ1_[M],CNTNAP2_[M],5,Undirected
RPS6KA2_[M],FLNC_[M],5,Undirected
UBC_[S],MUC16_[S],6,Undirected
USP9X_[M],HUWE1_[M],7,Undirected
SYNE1_[M],DISC1_[M],12,Undirected
TTN_[S],ALB_[M],21,Undirected
NXPH2_[M],CELSR2_[M],6,Undirected
VCAM1_[M],MACF1_[M],4,Undirected
VCAM1_[M],PRKDC_[M],6,Undirected
XIRP2_[M],RAD21_[M],4,Undirected
GRID2_[M],GRIA2_[M],4,Undirected
LAMA1_[M],ITGA2_[M],5,Undirected
SPEN_[M],NOTCH2_[M],4,Undirected
TRRAP_[M],EP400_[S],6,Undirected
RYR2_[N],CACNA1C_[M],11,Undirected
NINL_[M],NCOR1_[M],4,Undirected
HERC2_[M],COPB2_[M],6,Undirected
PCNT_[M],AKAP9_[M],4,Undirected
RANBP6_[M],PDE3A_[M],4,Undirected
CENPJ_[M],ALMS1_[M],5,Undirected
THOC2_[M],KIF1C_[M],5,Undirected
TTN_[M],MCM2_[S],10,Undirected
TTN_[M],MCM2_[M],8,Undirected
TTN_[M],ARRB1_[M],4,Undirected
FAM83B_[M],APC_[M],4,Undirected
LRP2_[M],ANKS1B_[M],10,Undirected
HNRNPF_[M],DZIP3_[M],4,Undirected
TTN_[M],ACTN1_[M],14,Undirected
TTN_[M],ACTN1_[S],10,Undirected
NT5E_[M],DNAAF5_[S],4,Undirected
KEAP1_[M],CEP135_[M],6,Undirected
VWF_[S],CACNA1A_[M],7,Undirected
CPS1_[M],AGO2_[M],6,Undirected
RBBP6_[M],NLRP2_[M],5,Undirected
RYR2_[S],ALB_[M],9,Undirected
TTN_[M],MYBPC3_[S],11,Undirected
TTN_[M],MYBPC3_[M],27,Undirected
TRPC4_[M],TRPC1_[M],4,Undirected
CEP128_[M],ALMS1_[M],5,Undirected
TRO_[M],ERBB4_[M],6,Undirected
PTPRB_[S],CNTN1_[M],7,Undirected
PDIA4_[M],APOB_[M],6,Undirected
RYR2_[M],PRKACG_[S],4,Undirected
TTN_[M],CALM1_[M],8,Undirected
INSR_[M],INSRR_[M],4,Undirected
NALCN_[M],MEOX2_[S],4,Undirected
UMPS_[M],EGFR_[M],4,Undirected
TRRAP_[M],MED23_[M],5,Undirected
NINL_[M],DLG5_[M],4,Undirected
UBC_[M],MIB1_[M],4,Undirected
NUP133_[M],AHCTF1_[M],6,Undirected
ZIC1_[M],GLI3_[M],5,Undirected
OBSL1_[M],FLNC_[M],5,Undirected
UBE3A_[M],HERC2_[M],7,Undirected
GRIK2_[M],GRID2_[S],6,Undirected
MYH13_[M],BIRC6_[M],8,Undirected
RELA_[M],NCOA6_[M],4,Undirected
KIRREL2_[M],CPS1_[M],5,Undirected
LRRK2_[M],LIMA1_[M],4,Undirected
PRPF8_[M],NOTCH1_[M],4,Undirected
KMT2D_[M],HERC2_[M],12,Undirected
STK36_[M],GLI3_[M],4,Undirected
RELA_[M],APBA2_[M],4,Undirected
PDGFRA_[M],KIT_[M],5,Undirected
CDH4_[M],CDH2_[M],8,Undirected
LRP2_[M],DAB2_[M],4,Undirected
TNK2_[M],EGFR_[M],4,Undirected
RYR3_[M],CUL1_[M],5,Undirected
DSP_[M],CDH5_[M],5,Undirected
HUWE1_[M],EPB41L3_[M],7,Undirected
PHRF1_[M],KIF21A_[M],6,Undirected
MTUS2_[M],DOCK2_[M],16,Undirected
UTRN_[M],PIK3CG_[M],8,Undirected
SYNE1_[M],OBSL1_[S],11,Undirected
ZEB1_[M],CREBBP_[M],5,Undirected
VPS13D_[M],MADD_[M],8,Undirected
MYH8_[M],ACTN2_[S],4,Undirected
MYH8_[M],ACTN2_[M],9,Undirected
USH2A_[M],BRCA1_[M],11,Undirected
TP53BP1_[M],ATM_[M],4,Undirected
RYR3_[M],RYR2_[N],12,Undirected
RYR3_[M],RYR2_[M],157,Undirected
RYR3_[M],RYR2_[S],38,Undirected
TRIO_[M],NAV3_[M],12,Undirected
KALRN_[M],CACNA1A_[M],6,Undirected
KALRN_[M],CACNA1A_[S],6,Undirected
SPTA1_[M],BTK_[M],8,Undirected
TTN_[M],MAPK1_[M],9,Undirected
PCLO_[M],ERC2_[M],8,Undirected
HSP90AA4P_[R],CDK15_[M],4,Undirected
TTN_[S],SQSTM1_[S],4,Undirected
FLNA_[M],FILIP1_[S],5,Undirected
GRIN2B_[M],ACTN2_[M],6,Undirected
USH2A_[M],FOXRED2_[M],5,Undirected
MAG_[M],COL3A1_[M],4,Undirected
ASPM_[M],ANO3_[S],4,Undirected
ASPM_[M],ANO3_[M],4,Undirected
UHRF1_[M],PRMT5_[M],4,Undirected
PLEC_[M],MAP2_[M],5,Undirected
IQGAP1_[M],DST_[M],4,Undirected
DMD_[M],ALB_[M],7,Undirected
PTCH1_[M],EGFR_[M],4,Undirected
TRRAP_[M],BRINP1_[M],5,Undirected
COL9A1_[M],COL4A2_[M],4,Undirected
TTN_[M],ANXA7_[M],8,Undirected
UBE3C_[M],RBM15_[M],4,Undirected
TTN_[S],TRIM55_[S],7,Undirected
TTN_[S],TRIM55_[N],4,Undirected
TTN_[S],TRIM55_[M],16,Undirected
TTN_[S],EWSR1_[M],4,Undirected
SCN3A_[S],LRP2_[M],8,Undirected
SYNE1_[S],EZH2_[M],5,Undirected
TRIO_[S],FLNA_[M],4,Undirected
UBE2NL_[R],ITGA4_[M],6,Undirected
USP25_[M],FLNC_[M],5,Undirected
PTK2B_[M],GRIN2A_[M],4,Undirected
DMD_[M],APP_[M],6,Undirected
HDAC6_[M],FAT1_[M],4,Undirected
XIRP2_[M],NEBL_[M],7,Undirected
SHPRH_[M],FBXW7_[N],4,Undirected
SLC38A6_[M],APOB_[M],8,Undirected
MUC16_[S],CEP170P1_[R],7,Undirected
MATN2_[M],FBN2_[M],4,Undirected
MYH11_[S],FLNA_[M],5,Undirected
NUP133_[M],FLNC_[M],9,Undirected
MTOR_[M],ILK_[M],4,Undirected
TTN_[S],MYPN_[M],33,Undirected
HERC2_[M],ENPP1_[M],4,Undirected
LRP1B_[M],CUL4B_[S],5,Undirected
MYH7_[M],KEAP1_[M],7,Undirected
UBASH3B_[M],SPTA1_[M],6,Undirected
RYR2_[M],RYR1_[S],40,Undirected
RYR2_[M],RYR1_[M],119,Undirected
RYR2_[M],RYR1_[N],16,Undirected
NCKAP5_[M],HECW2_[M],6,Undirected
TTN_[S],ANK1_[S],6,Undirected
TTN_[S],ANK1_[M],19,Undirected
TTN_[M],SRSF2_[M],18,Undirected
SNX7_[M],ASPM_[M],4,Undirected
ZFC3H1_[M],NINL_[M],6,Undirected
SPTA1_[M],PTPN22_[M],5,Undirected
KDM5B_[M],ARID1B_[M],5,Undirected
FN1_[M],COL7A1_[M],5,Undirected
KEAP1_[M],AMER1_[M],10,Undirected
HUWE1_[M],CRY2_[M],4,Undirected
HERC2_[M],EIF4G1_[M],8,Undirected
PALB2_[M],KEAP1_[M],4,Undirected
ZNF267_[M],EPHA7_[M],4,Undirected
STK11_[M],SMARCA4_[M],4,Undirected
FLG_[M],EZH2_[M],8,Undirected
NXPH2_[M],FAT1_[M],10,Undirected
SPECC1L_[M],HERC2_[M],4,Undirected
YLPM1_[M],CACNA1A_[M],4,Undirected
MYH2_[M],ACTN1_[S],4,Undirected
EGFR_[M],APOB_[M],5,Undirected
EGFR_[M],APOB_[S],4,Undirected
PPP1R3A_[M],PFDN6_[S],4,Undirected
LRP2_[M],LPA_[M],12,Undirected
ZFHX4_[M],CHD4_[M],12,Undirected
PDZD2_[M],NRXN1_[M],9,Undirected
PDZD2_[M],NRXN1_[S],4,Undirected
RELA_[M],MUC3A_[M],4,Undirected
PTPRB_[M],NRCAM_[M],4,Undirected
MAP1B_[M],LRRK2_[M],4,Undirected
TNR_[M],ACAN_[M],13,Undirected
TNR_[M],ACAN_[S],6,Undirected
UBXN1_[M],UBR4_[S],5,Undirected
UBXN1_[M],UBR4_[M],5,Undirected
HSPG2_[M],CACNA1A_[M],4,Undirected
HSPG2_[M],CACNA1A_[S],4,Undirected
PTPRB_[M],GHR_[M],5,Undirected
SPTB_[M],SPTA1_[M],13,Undirected
SPTB_[M],SPTA1_[N],5,Undirected
PRSS1_[M],HUWE1_[M],4,Undirected
HTT_[M],CREBBP_[M],7,Undirected
HSPG2_[M],FN1_[M],4,Undirected
TNIK_[M],SRGAP3_[M],4,Undirected
ERBB4_[M],CBL_[M],7,Undirected
XIRP2_[M],FLNC_[M],54,Undirected
XIRP2_[M],FLNC_[S],12,Undirected
UBR4_[M],UBC_[M],4,Undirected
SYNPO2_[M],FLNC_[M],11,Undirected
TTN_[S],SP1_[M],5,Undirected
TNN_[S],ACTN2_[M],6,Undirected
RANBP2_[M],KIF5C_[M],4,Undirected
OLFM4_[M],NID2_[M],4,Undirected
TTN_[N],TRIM55_[M],6,Undirected
HSPA12A_[M],CDC5L_[M],4,Undirected
MACF1_[S],CNTNAP4_[M],4,Undirected
MEOX2_[S],CXXC1_[M],4,Undirected
EGFR_[M],COG6_[M],4,Undirected
RAPGEF2_[M],HMCN1_[M],6,Undirected
RAPGEF2_[M],HMCN1_[S],5,Undirected
SPTBN4_[M],PTPRN2_[M],5,Undirected
LRP2_[S],LPA_[M],7,Undirected
MYH9_[M],HUWE1_[M],4,Undirected
MYH9_[M],HUWE1_[S],4,Undirected
RIMS1_[M],MYH1_[M],4,Undirected
RIMS1_[M],MYH1_[S],4,Undirected
UBR5_[M],NLRP3_[M],11,Undirected
FAM47B_[M],APP_[M],4,Undirected
TTN_[M],SQSTM1_[M],4,Undirected
TTN_[M],SQSTM1_[S],10,Undirected
PCCA_[M],HUWE1_[S],5,Undirected
CNTNAP2_[M],CASK_[M],4,Undirected
UBE3A_[M],DDX39B_[M],4,Undirected
TNIK_[M],NEFM_[M],4,Undirected
PLG_[M],LAMA3_[M],4,Undirected
HRNR_[M],BTK_[M],8,Undirected
CASP9_[M],BIRC6_[M],4,Undirected
RYR2_[M],PPP1CB_[M],4,Undirected
NSD1_[M],ATRX_[M],4,Undirected
MUC16_[S],MCM2_[M],4,Undirected
TTN_[S],OBSCN_[N],12,Undirected
TTN_[S],OBSCN_[M],66,Undirected
TTN_[S],OBSCN_[S],28,Undirected
PCDH10_[M],DLG4_[M],5,Undirected
GCN1L1_[M],FN1_[M],10,Undirected
PXDNL_[M],CUL3_[M],4,Undirected
NRXN2_[M],NLGN1_[M],5,Undirected
MYH7_[M],ACTN2_[M],9,Undirected
FLNA_[M],DBN1_[M],4,Undirected
RYR2_[M],AKAP6_[S],10,Undirected
DMD_[M],CTNNA1_[S],4,Undirected
RYR2_[M],AKAP6_[N],5,Undirected
RYR2_[M],AKAP6_[M],24,Undirected
RYR2_[S],CACNA1C_[S],6,Undirected
RYR2_[S],CACNA1C_[N],4,Undirected
RYR2_[S],CACNA1C_[M],15,Undirected
TTN_[M],CUL3_[SS],10,Undirected
ZNF423_[M],MTA1_[M],6,Undirected
SPTBN1_[M],NTRK1_[M],4,Undirected
KIAA0753_[M],CENPJ_[S],4,Undirected
LRP2_[M],DAB1_[M],4,Undirected
UNC5C_[M],NTRK1_[M],4,Undirected
FLNA_[M],ARRB1_[M],4,Undirected
EGFR_[M],ARHGAP32_[M],4,Undirected
NRXN1_[M],NLGN1_[M],10,Undirected
NIN_[M],MYH13_[M],4,Undirected
TSHZ3_[M],MTUS2_[S],6,Undirected
IQGAP1_[M],CLTC_[M],4,Undirected
HERC2_[S],EPHA7_[M],5,Undirected
OSBPL10_[M],KEAP1_[M],5,Undirected
UNC13A_[M],EPB41L3_[M],7,Undirected
LRP2_[S],DLG4_[M],4,Undirected
TTN_[S],MYBPC3_[M],5,Undirected
POTEKP_[R],BTK_[M],10,Undirected
LRRC7_[M],CUL3_[M],6,Undirected
NEB_[M],CALM1_[M],4,Undirected
PRDM13_[M],KDM5B_[M],5,Undirected
WDR3_[M],OBSL1_[S],4,Undirected
TTN_[M],MYPN_[S],9,Undirected
TTN_[M],MYPN_[M],99,Undirected
SYNPO2_[M],ACTN2_[M],5,Undirected
JUP_[M],CTNNA2_[M],4,Undirected
PDZD2_[M],CTNND2_[M],7,Undirected
NRCAM_[M],MACF1_[M],8,Undirected
TRPC6_[M],ITPR3_[M],4,Undirected
OBSL1_[S],GCN1L1_[M],5,Undirected
TAF1_[M],KMT2A_[M],4,Undirected
PTPRZ1_[M],CNTN1_[M],9,Undirected
TRIM42_[M],GLI1_[M],4,Undirected
TIAM1_[M],ANK3_[M],9,Undirected
USP9X_[M],UBXN1_[M],5,Undirected
UBXN1_[M],CSE1L_[M],5,Undirected
ITGA4_[M],ANKRD17_[M],4,Undirected
SYNE2_[M],ACTC1_[M],6,Undirected
OBSL1_[S],MGA_[M],4,Undirected
RAD21_[M],CPS1_[M],4,Undirected
RPS16_[M],HSP90AA5P_[R],4,Undirected
UTRN_[M],TTK_[M],4,Undirected
NCOR1_[M],BAZ1A_[M],4,Undirected
REG3A_[M],FN1_[M],5,Undirected
GOLGB1_[M],GAK_[N],4,Undirected
JUP_[M],CDH10_[M],4,Undirected
MYH3_[M],ACTN2_[M],4,Undirected
NLRP3_[M],ARHGAP17_[M],6,Undirected
USP9X_[M],HECW2_[M],11,Undirected
TNR_[M],NCAN_[M],16,Undirected
MED12_[M],GLI3_[M],5,Undirected
UBR4_[M],STAT2_[S],4,Undirected
MYH2_[M],CBL_[M],8,Undirected
LRP2_[S],ANKS1B_[M],4,Undirected
LAMA2_[M],DAG1_[M],4,Undirected
THOC2_[M],GNAS_[M],4,Undirected
NCOR1_[M],HTT_[M],5,Undirected
SMC2_[M],EGFR_[M],4,Undirected
LRP2_[M],DLG2_[M],7,Undirected
VCAN_[M],SELP_[M],6,Undirected
PLEC_[S],FN1_[M],4,Undirected
ZFC3H1_[M],MTUS2_[M],5,Undirected
CDH6_[S],CDH18_[M],4,Undirected
XIRP2_[S],FLNC_[M],13,Undirected
UBASH3B_[S],SPTA1_[M],8,Undirected
PRPF40A_[M],NCKAP1L_[M],4,Undirected
SPEN_[M],RUNX1T1_[M],4,Undirected
RANBP2_[M],PRKDC_[M],7,Undirected
VPS16_[M],CFH_[M],6,Undirected
LRP2_[S],APBA2_[M],4,Undirected
RUNX1T1_[M],MEOX2_[M],4,Undirected
BTRC_[M],ALMS1_[M],4,Undirected
IKBKB_[M],FLNC_[M],4,Undirected
PDGFRA_[M],DSG2_[M],5,Undirected
CD1B_[M],ATP2B3_[M],4,Undirected
LIG4_[S],ASPM_[M],6,Undirected
TTN_[S],ASF1B_[S],4,Undirected
NEDD4_[M],DMD_[M],8,Undirected
KCNH1_[M],KCNB1_[M],4,Undirected
SMAD4_[M],PAPPA2_[M],6,Undirected
NPNT_[M],ITGA8_[M],4,Undirected
RAD21_[M],MUC16_[M],11,Undirected
LRRC7_[M],CNKSR2_[M],10,Undirected
HERC2_[M],HERC1_[M],8,Undirected
NEB_[M],MYPN_[M],13,Undirected
TRRAP_[S],CUL1_[M],4,Undirected
NUP214_[M],HDAC9_[S],4,Undirected
MTTP_[M],APOB_[S],4,Undirected
PCDHA2_[M],DIDO1_[M],5,Undirected
TRIM42_[M],RUNX1T1_[M],6,Undirected
RYR2_[M],ALB_[M],22,Undirected
MTOR_[M],ASPM_[M],4,Undirected
UBR1_[M],ADAMTS12_[M],6,Undirected
FN1_[M],AHNAK_[M],9,Undirected
UBR4_[M],CST9_[M],4,Undirected
TTN_[M],RAPGEF2_[S],18,Undirected
TTN_[M],RAPGEF2_[M],70,Undirected
L1CAM_[M],CNTN2_[S],5,Undirected
MMRN1_[M],KPRP_[M],7,Undirected
UBC_[M],DLGAP4_[M],4,Undirected
ZBTB33_[N],CTNND2_[M],4,Undirected
VAV3_[M],EGFR_[M],8,Undirected
PDGFRA_[M],NTRK1_[M],4,Undirected
HUWE1_[M],GIGYF2_[M],4,Undirected
SAFB2_[M],CHGB_[M],4,Undirected
TTN_[M],SP1_[M],10,Undirected
TTN_[M],SP1_[N],8,Undirected
TTN_[M],SP1_[S],7,Undirected
UBC_[M],MUC5B_[M],5,Undirected
TTN_[M],RNF2_[M],25,Undirected
NXPH2_[M],FRAS1_[M],6,Undirected
ZNF521_[M],MTA1_[M],4,Undirected
FAT4_[M],ATXN1_[M],5,Undirected
WDR1_[M],KEAP1_[M],5,Undirected
SETD1A_[M],CREBBP_[M],5,Undirected
PDGFRA_[M],ITGB3_[M],4,Undirected
NUP98_[M],ECT2_[M],4,Undirected
LRRC7_[M],CTNND2_[M],19,Undirected
LRRC7_[M],CTNND2_[S],13,Undirected
SOX10_[S],POU3F2_[M],4,Undirected
TTN_[M],EWSR1_[M],7,Undirected
ZMYM3_[M],THOC2_[M],7,Undirected
TTN_[M],CUL7_[S],8,Undirected
TTN_[M],CUL7_[M],10,Undirected
SPTA1_[M],GAN_[M],4,Undirected
ZHX1_[M],ATXN1_[M],4,Undirected
MYH1_[M],ACTN2_[M],14,Undirected
USP19_[M],HERC2_[M],5,Undirected
PIGS_[M],EGFR_[M],6,Undirected
DMD_[M],ACTA1_[M],4,Undirected
RBM12_[M],MOV10_[M],4,Undirected
SPTA1_[M],CBL_[M],4,Undirected
SFRP4_[M],LRP1B_[M],6,Undirected
RYR3_[N],RYR2_[S],4,Undirected
RYR3_[N],RYR2_[M],15,Undirected
MDN1_[M],FN1_[M],4,Undirected
TENM3_[M],SMAD4_[M],5,Undirected
MUC16_[M],MCM2_[S],7,Undirected
MUC16_[M],MCM2_[M],9,Undirected
TTN_[S],MCM2_[S],6,Undirected
SYNE1_[S],OBSL1_[S],4,Undirected
TTN_[S],CUL7_[S],4,Undirected
TTN_[S],CUL7_[M],4,Undirected
RYR2_[S],RYR1_[M],34,Undirected
EGFR_[M],DOPEY2_[M],4,Undirected
OBSL1_[S],MACF1_[S],6,Undirected
HERC2_[M],CEP104_[M],4,Undirected
MEOX2_[S],ESR2_[M],4,Undirected
MACF1_[M],CNTNAP2_[M],17,Undirected
MACF1_[M],CNTNAP2_[S],5,Undirected
TTN_[S],RNF2_[M],7,Undirected
SLC18A1_[M],APOB_[M],5,Undirected
TRRAP_[M],MED13_[M],5,Undirected
RYR2_[S],RYR1_[S],9,Undirected
CUL1_[M],CACNA1C_[M],5,Undirected
YLPM1_[M],PPP1R3A_[N],4,Undirected
ZFHX4_[M],FOXJ2_[M],4,Undirected
CDH6_[M],CDH18_[M],8,Undirected
MACF1_[M],FN1_[M],4,Undirected
SATB2_[M],FOXG1_[M],4,Undirected
XIRP2_[M],NEB_[S],16,Undirected
XIRP2_[M],NEB_[M],43,Undirected
TTN_[N],ALB_[M],7,Undirected
SSPO_[M],ATN1_[M],5,Undirected
SPTA1_[M],MYBL2_[M],6,Undirected
UBC_[M],FAT1_[M],5,Undirected
LRRK2_[M],HERC2_[M],7,Undirected
NCOR1_[M],DACH1_[M],5,Undirected
SPTA1_[M],ANK1_[M],13,Undirected
PTCH1_[M],ITGA8_[M],4,Undirected
LIMA1_[M],DST_[M],5,Undirected
HERC2_[S],BIRC6_[M],5,Undirected
PEG3_[M],ALB_[M],6,Undirected
VCAN_[M],BCAN_[M],11,Undirected
TTN_[S],RAPGEF2_[M],27,Undirected
DPYSL3_[M],DISC1_[M],4,Undirected
TTN_[S],NTRK1_[S],14,Undirected
TTN_[S],NTRK1_[M],13,Undirected
TRERF1_[M],CREBBP_[M],4,Undirected
FLNA_[M],ESR1_[M],4,Undirected
TTN_[S],CEP57_[M],5,Undirected
MYH2_[M],ACTN2_[S],6,Undirected
MYH2_[M],ACTN2_[M],12,Undirected
DTNA_[M],DMD_[M],8,Undirected
ZNF106_[M],GTSE1_[M],6,Undirected
UBE3A_[M],MYCBP2_[M],4,Undirected
FLNC_[M],DYNC1H1_[M],13,Undirected
TRIM29_[M],HDAC9_[M],5,Undirected
KIT_[M],INPP5D_[M],4,Undirected
OBSCN_[S],ANK1_[M],6,Undirected
UTRN_[M],DTNA_[M],5,Undirected
PJA2_[M],KIAA0753_[M],4,Undirected
SMAD4_[M],CREBBP_[M],5,Undirected
TTN_[M],FHL1_[M],21,Undirected
KALRN_[M],GFI1B_[M],4,Undirected
ZNF804A_[M],SPP1_[M],5,Undirected
TTN_[S],CUL3_[M],8,Undirected
TTN_[S],CUL4B_[M],4,Undirected
TTN_[S],CUL4B_[S],4,Undirected
CEP135_[M],ALMS1_[M],4,Undirected
FOXL1_[M],DYNC1H1_[M],4,Undirected
NES_[M],LAMA1_[M],8,Undirected
HUWE1_[M],CUL4B_[M],4,Undirected
CEP120_[M],ANK2_[M],10,Undirected
RYR2_[M],PRKACA_[M],5,Undirected
LIG4_[S],COL1A2_[M],4,Undirected
NRXN2_[M],MACF1_[M],4,Undirected
KEAP1_[M],BOD1L1_[M],11,Undirected
ESR2_[M],CREBBP_[M],4,Undirected
HERC2_[S],ASPM_[M],8,Undirected
GRB2_[M],ERBB4_[M],5,Undirected
RPS16_[M],CUL1_[M],4,Undirected
MACF1_[M],HUWE1_[M],8,Undirected
PPP3CB_[M],PPP1R3A_[M],4,Undirected
KDM5B_[M],ELF4_[M],9,Undirected
NID2_[M],COL4A1_[M],4,Undirected
SCN3A_[M],LRP2_[S],7,Undirected
SCN3A_[M],LRP2_[M],16,Undirected
HCN3_[S],HCN1_[M],4,Undirected
KIF21B_[M],COL4A5_[M],4,Undirected
UBC_[M],MUC16_[M],10,Undirected
UBC_[M],MUC16_[S],10,Undirected
SYNE1_[S],DISC1_[M],9,Undirected
COL4A2_[M],COL4A1_[M],4,Undirected
ERBB4_[M],ANKS1B_[M],7,Undirected
SLC5A7_[M],NEDD4_[M],4,Undirected
UBR5_[M],TUBG1_[M],4,Undirected
IQGAP1_[M],ASCC3_[M],4,Undirected
SPTA1_[S],FASLG_[M],6,Undirected
PSAT1P1_[R],HUWE1_[M],5,Undirected
DST_[M],CELSR3_[M],10,Undirected
CALCR_[S],APOB_[M],8,Undirected
PLEC_[M],FN1_[M],5,Undirected
FAM83B_[M],CEP128_[M],5,Undirected
HNRNPA1_[M],FLG_[M],9,Undirected
SEC16A_[M],CAD_[M],4,Undirected
TTN_[S],ADRB2_[M],7,Undirected
UTP14A_[M],PRPF40A_[M],5,Undirected
NCOR1_[M],ERBB4_[M],8,Undirected
PALLD_[S],FLNA_[M],4,Undirected
PLEC_[S],LRRK2_[M],4,Undirected
CUBN_[M],BRCA1_[M],8,Undirected
XIRP2_[N],FLNC_[M],4,Undirected
SMC4_[M],PLEC_[S],4,Undirected
SMC4_[M],PLEC_[M],4,Undirected
DMD_[M],AHNAK_[S],4,Undirected
DMD_[M],AHNAK_[M],23,Undirected
UBXN1_[M],UBE4B_[N],5,Undirected
ZNF638_[M],EZH2_[M],4,Undirected
EGFR_[M],COG5_[M],4,Undirected
RNF2_[M],GLUD2_[M],5,Undirected
HECW1_[S],CACNA1A_[M],4,Undirected
PGR_[M],NCOR1_[M],4,Undirected
OBSL1_[S],FLNA_[M],4,Undirected
TTN_[M],GAN_[M],7,Undirected
NRXN1_[S],NLGN1_[M],4,Undirected
SPTBN1_[M],FLNA_[M],4,Undirected
UHRF1_[M],EZH2_[M],4,Undirected
SPTA1_[N],PLEC_[M],5,Undirected
HERC2_[M],ATP4A_[M],10,Undirected
VWF_[M],COL1A1_[M],4,Undirected
UBR2_[M],EPHA7_[M],8,Undirected
MYH8_[M],MYH13_[M],8,Undirected
MYH8_[M],MYH13_[S],9,Undirected
EPB41L3_[M],CNTNAP2_[M],12,Undirected
PLEC_[M],MYH9_[S],4,Undirected
NRXN3_[M],NLGN1_[M],5,Undirected
TRIM42_[M],HOXA1_[M],4,Undirected
TP63_[M],FLNC_[M],5,Undirected
KMT2D_[N],CXXC1_[M],4,Undirected
LRP6_[M],APOB_[M],7,Undirected
CALCR_[M],APOB_[M],15,Undirected
TNIK_[M],CNKSR2_[M],5,Undirected
PSME4_[M],NUTM1_[M],4,Undirected
HERC2_[M],EPHA7_[M],13,Undirected
NCOA6_[M],ESR2_[M],4,Undirected
TNIK_[M],DST_[S],4,Undirected
LRP1_[M],ANKS1B_[M],7,Undirected
TNIK_[M],DST_[M],7,Undirected
ROBO3_[M],MTUS2_[M],6,Undirected
SMG1_[M],HTR6_[M],4,Undirected
NOS2_[S],FAT1_[M],5,Undirected
NCOR1_[M],HDAC9_[M],5,Undirected
TTN_[M],CUL2_[M],10,Undirected
MYH4_[M],ACTN2_[M],8,Undirected
HDAC6_[M],ERBB4_[M],4,Undirected
SPACA1_[M],KIAA0368_[M],4,Undirected
EP300_[S],CFH_[M],6,Undirected
TTN_[M],CAPN3_[S],4,Undirected
USP7_[M],HECW1_[M],4,Undirected
SPTA1_[S],PLEC_[M],9,Undirected
PLEKHG1_[M],MYH13_[M],4,Undirected
MYH6_[M],ACTN2_[S],5,Undirected
SLC4A3_[M],ANK1_[M],4,Undirected
TTN_[M],CAPN3_[M],5,Undirected
SYNE1_[S],SUN2_[M],4,Undirected
PSMD3_[S],FLNC_[M],4,Undirected
FLNA_[M],DYNC1H1_[M],6,Undirected
NXPH2_[M],NRP2_[M],5,Undirected
KCNA4_[M],KCNA3_[M],6,Undirected
SH3GL2_[M],F13A1_[M],4,Undirected
ZMYM2_[M],USP15_[M],6,Undirected
NAV3_[M],APC_[M],14,Undirected
RYR3_[SS],RYR2_[M],8,Undirected
RSPO1_[S],LRP1B_[M],4,Undirected
RSPO1_[S],LRP1B_[S],4,Undirected
PKP2_[M],DSG1_[M],7,Undirected
SIPA1L1_[S],NRXN1_[M],8,Undirected
PRMT5_[M],EZH2_[M],4,Undirected
NXPH2_[M],FAT4_[M],7,Undirected
STAT1_[M],PPARD_[M],4,Undirected
USH1C_[M],CDH23_[M],4,Undirected
DMD_[M],DISC1_[M],8,Undirected
HERC2_[S],COPB2_[M],4,Undirected
NID1_[M],COL4A1_[M],5,Undirected
NCAN_[M],L1CAM_[M],4,Undirected
TTN_[S],ARRB1_[M],4,Undirected
MACF1_[S],HUWE1_[M],5,Undirected
EPRS_[M],CAD_[M],4,Undirected
GOLIM4_[M],CCDC132_[M],4,Undirected
FASLG_[M],EPS8L3_[M],4,Undirected
CDC5L_[M],ATR_[M],5,Undirected
OFD1_[M],FAM83B_[M],5,Undirected
VCAM1_[M],UBR4_[M],6,Undirected
TTN_[M],CPSF6_[M],21,Undirected
TTN_[M],ANK1_[S],21,Undirected
TTN_[M],ANK1_[M],80,Undirected
NRXN1_[S],MACF1_[M],4,Undirected
NEB_[M],KLHL40_[M],4,Undirected
TRIM55_[M],FLNC_[M],5,Undirected
SLITRK3_[M],KDM5B_[M],6,Undirected
PDGFRA_[S],DSG2_[M],4,Undirected
UBC_[S],SLIT2_[M],4,Undirected
ITSN2_[M],DST_[M],4,Undirected
SPEN_[M],NCOR1_[M],4,Undirected
NINL_[M],CEP350_[M],6,Undirected
FAT1_[M],CD96_[M],4,Undirected
LPA_[M],FGB_[M],4,Undirected
ZFHX4_[M],FOXL1_[M],5,Undirected
PTPRH_[M],GHR_[M],4,Undirected
UBE3C_[M],NTRK1_[M],4,Undirected
PDZD2_[S],NRXN1_[M],4,Undirected
SPTA1_[M],PTPRO_[M],12,Undirected
MUC16_[M],CEP170P1_[R],20,Undirected
HECW2_[M],HECW1_[M],6,Undirected
PPP1R3A_[M],MKI67_[M],9,Undirected
YLPM1_[M],OBSL1_[S],4,Undirected
TNIK_[M],ANK2_[M],7,Undirected
COL4A5_[M],CEP170P1_[R],5,Undirected
DHX9_[S],ACTA1_[M],4,Undirected
UBXN1_[M],SPDL1_[M],5,Undirected
TRRAP_[M],MED12_[M],9,Undirected
SCN3A_[M],LRP1_[M],7,Undirected
CENPF_[M],ALK_[M],8,Undirected
CUL4A_[M],CUL1_[M],4,Undirected
VPS13B_[M],SPACA1_[M],5,Undirected
OBSCN_[S],C10orf12_[M],4,Undirected
RYR2_[M],PRKACB_[M],9,Undirected
EPRS_[M],CUL1_[M],6,Undirected
NLRP5_[M],NLRP3_[M],9,Undirected
RYR3_[S],RYR2_[S],17,Undirected
RYR3_[S],RYR2_[N],6,Undirected
RYR3_[S],RYR2_[M],56,Undirected
VCAN_[M],HAPLN1_[M],7,Undirected
TP63_[M],ASPM_[M],5,Undirected
UBR5_[M],BARD1_[M],4,Undirected
GRID2_[S],GRIA2_[M],4,Undirected
TNR_[M],PTPRZ1_[M],26,Undirected
KIAA1549_[M],DST_[M],7,Undirected
TTN_[N],OBSCN_[M],11,Undirected
TTN_[M],ASF1B_[S],10,Undirected
OSBPL8_[M],NTRK1_[M],4,Undirected
TTN_[N],OBSCN_[S],5,Undirected
SYNE1_[M],KIAA0368_[M],7,Undirected
IRS4_[M],EGFR_[M],4,Undirected
LNX1_[M],CTNND2_[M],4,Undirected
NRXN1_[M],NLGN3_[M],4,Undirected
ITPR2_[M],HERC2_[M],7,Undirected
ITPR2_[M],HERC2_[S],4,Undirected
PKP2_[M],DSG2_[M],6,Undirected
LRP1_[M],EGFR_[M],4,Undirected
UBE3A_[M],SACS_[M],7,Undirected
KIAA0368_[M],ANK2_[M],4,Undirected
MACF1_[M],HECW2_[M],4,Undirected
TTN_[M],DYRK2_[M],4,Undirected
BCAR1_[M],ALK_[S],4,Undirected
POPDC2_[N],ANK2_[M],5,Undirected
NLRP5_[M],NLRP2_[M],4,Undirected
ITGA4_[M],CAD_[M],4,Undirected
NRXN1_[M],MYO16_[S],5,Undirected
NRXN1_[M],MYO16_[M],14,Undirected
GRB10_[M],EGFR_[M],4,Undirected
RGAG1_[M],HECW2_[M],4,Undirected
LRCH2_[M],ARPC3_[M],4,Undirected
SFRP4_[S],LRP1B_[M],4,Undirected
NOS1_[S],DMD_[M],5,Undirected
PIK3R5_[M],PIK3CG_[M],6,Undirected
TTN_[M],NTRK1_[M],32,Undirected
TTN_[M],NTRK1_[S],30,Undirected
NCOR1_[M],BPTF_[M],6,Undirected
RELA_[M],EP300_[S],4,Undirected
DST_[M],DISC1_[M],4,Undirected
PAPPA2_[M],IGFBP3_[M],6,Undirected
UBR5_[M],CEP250_[M],4,Undirected
THBS1_[M],COL1A1_[M],4,Undirected
PCDH7_[M],NXPH2_[M],5,Undirected
NRXN1_[M],MACF1_[M],17,Undirected
NRXN1_[M],MACF1_[S],6,Undirected
FER_[S],DNM1_[M],4,Undirected
GPR18_[M],FLG_[M],4,Undirected
MACF1_[S],CNTNAP2_[M],6,Undirected
LRP2_[M],ATN1_[M],5,Undirected
ZFPM2_[M],ITSN1_[M],5,Undirected
SPTA1_[M],SLC9A2_[M],17,Undirected
SPTA1_[M],FASLG_[M],5,Undirected
OBSL1_[S],HERC2_[M],6,Undirected
KANSL1_[M],FSD2_[M],4,Undirected
PSMD1_[M],EPAS1_[M],4,Undirected
HNRNPU_[M],EP300_[M],5,Undirected
KLHL1_[M],CACNA1A_[M],8,Undirected
KLHL1_[M],CACNA1A_[S],4,Undirected
UBR4_[M],LARS_[M],5,Undirected
HIVEP1_[M],CACNA1A_[M],7,Undirected
APOB_[M],ANLN_[M],5,Undirected
EGFR_[M],ATR_[M],6,Undirected
FOXF1_[M],FLNC_[M],4,Undirected
VCAN_[M],FBN1_[M],8,Undirected
ZBTB20_[M],CHD7_[M],4,Undirected
ZHX1_[M],LAMA4_[M],6,Undirected
TUBG1_[M],FLG_[M],6,Undirected
UBC_[M],CENPE_[M],4,Undirected
FLNA_[S],DYNC1H1_[M],4,Undirected
SIPA1L1_[M],NRXN1_[M],12,Undirected
NCOA2_[M],HNF4A_[M],5,Undirected
RYR2_[M],AKAP6_[SS],9,Undirected
TTN_[N],MYPN_[M],11,Undirected
PPM1B_[M],HERC2_[M],5,Undirected
PRSS23_[M],LRP2_[M],5,Undirected
PCDH9_[M],NXPH2_[M],6,Undirected
VWF_[M],CACNA1A_[M],6,Undirected
PHRF1_[M],NLRP3_[M],6,Undirected
TRIO_[S],NAV3_[M],7,Undirected
ZEB1_[M],UBR4_[M],8,Undirected
SHANK2_[S],DLGAP1_[M],4,Undirected
ESR1_[M],AHNAK_[M],5,Undirected
PTPRD_[M],PPFIA2_[M],11,Undirected
MAPK8IP1_[M],LRP8_[M],4,Undirected
UBC_[M],HERC2_[M],6,Undirected
TTN_[M],SPEN_[M],91,Undirected
ZIC1_[M],GLI2_[M],6,Undirected
VARS_[M],AHNAK_[M],4,Undirected
LARS_[M],ITGA4_[M],4,Undirected
TTN_[S],SPEN_[S],4,Undirected
TTN_[S],SPEN_[M],26,Undirected
SLIT2_[M],ROBO4_[M],8,Undirected
MAGI2_[M],DSCAML1_[M],8,Undirected
CCT6B_[M],ASTN2_[M],4,Undirected
HERC2_[M],FAM63A_[S],4,Undirected
DST_[M],COL17A1_[M],4,Undirected
HUWE1_[M],AKAP9_[M],4,Undirected
HSPA8_[M],CPS1_[M],5,Undirected
LAMA1_[M],HSPG2_[M],5,Undirected
MEGF8_[M],CACNA1A_[S],4,Undirected
TTN_[M],ADRB2_[M],17,Undirected
PIK3CG_[M],KIT_[M],7,Undirected
RANBP2_[M],AKAP13_[M],4,Undirected
PAX6_[M],APOB_[M],4,Undirected
FLNC_[M],FLNB_[M],7,Undirected
UBR1_[M],LAMA4_[M],4,Undirected
TTN_[S],NBR1_[M],4,Undirected
HERC2_[M],CTNNB1_[M],4,Undirected
ZEB2_[M],APP_[M],5,Undirected
TTN_[M],CUL4B_[M],10,Undirected
TTN_[M],CUL4B_[S],19,Undirected
KIAA1211_[M],FLNA_[M],5,Undirected
NRXN2_[S],MACF1_[S],4,Undirected
MED14_[M],FBXW7_[M],5,Undirected
SKIL_[M],GOLGB1_[M],4,Undirected
UBXN1_[M],UBR1_[M],6,Undirected
EGFR_[M],CANX_[M],4,Undirected
TTN_[N],SPEN_[M],5,Undirected
EGFR_[M],CTNNA2_[M],12,Undirected
GDA_[M],AP1G1_[M],4,Undirected
TRRAP_[S],MED23_[M],4,Undirected
UBR5_[M],FOXG1_[S],5,Undirected
NCOA6_[M],HNF4A_[M],4,Undirected
NXPH2_[M],ITIH2_[M],5,Undirected
HTT_[M],EGFR_[M],4,Undirected
TNR_[M],MAGEB4_[M],4,Undirected
PTPRK_[M],LRP1B_[S],4,Undirected
PTPRK_[M],LRP1B_[M],17,Undirected
VAV2_[M],TTN_[M],24,Undirected
EPB41L2_[M],DCAF8_[M],4,Undirected
TBXA2R_[S],GPRASP1_[M],4,Undirected
TTN_[M],SRPK2_[M],7,Undirected
MYH13_[M],LYST_[M],6,Undirected
PARK2_[M],GRIN2B_[S],4,Undirected
PRMT3_[M],OSBP_[M],4,Undirected
KCNB2_[M],KCNB1_[S],4,Undirected
RYR2_[S],AKAP6_[M],14,Undirected
TTN_[M],OBSCN_[S],66,Undirected
TTN_[M],OBSCN_[N],27,Undirected
RYR2_[S],AKAP6_[N],4,Undirected
TTN_[M],OBSCN_[M],172,Undirected
MYO1A_[M],CUL1_[M],4,Undirected
LCP1_[M],HERC2_[M],5,Undirected
FN1_[M],FLNC_[M],6,Undirected
LARP1_[M],EZH2_[M],4,Undirected
ERBB4_[M],DLG2_[M],7,Undirected
EPRS_[M],CLTCL1_[M],4,Undirected
HSPG2_[M],FBXO6_[S],4,Undirected
HECW1_[M],CACNA1A_[M],8,Undirected
SPHKAP_[M],LNX1_[M],6,Undirected
RYR3_[M],CFTR_[S],4,Undirected
NLGN3_[M],FLNA_[M],6,Undirected
USP7_[M],MYO3A_[M],4,Undirected
GABRG2_[M],DRD5_[M],10,Undirected
TPR_[M],PRKDC_[M],9,Undirected
CRP_[M],CFH_[M],4,Undirected
TRPC3_[M],ITPR1_[M],4,Undirected
SALL1_[M],BCOR_[M],5,Undirected
KEAP1_[M],EGFR_[M],4,Undirected
KEAP1_[M],EGFR_[S],4,Undirected
POTEKP_[R],DST_[S],7,Undirected
POTEKP_[R],DST_[N],8,Undirected
POTEKP_[R],DST_[M],19,Undirected
TRDN_[M],RYR1_[M],7,Undirected
EGFR_[M],AHNAK_[M],4,Undirected
LRP1_[M],CUBN_[M],14,Undirected
SPTA1_[S],BTK_[M],7,Undirected
TTN_[M],CUL3_[N],13,Undirected
TTN_[M],CUL3_[M],21,Undirected
SPTA1_[S],ANK1_[M],4,Undirected
LRRC7_[S],CTNND2_[M],4,Undirected
ZNF483_[M],KIAA0368_[M],4,Undirected
MEOX2_[S],HGF_[M],4,Undirected
PARK2_[M],GRIK2_[M],5,Undirected
RIMS1_[M],BSN_[S],6,Undirected
CUBN_[M],CBL_[M],7,Undirected
POLR3A_[M],PKP2_[M],6,Undirected
SPTA1_[M],PLEC_[M],24,Undirected
SPTA1_[M],PLEC_[S],7,Undirected
SPTAN1_[M],GRIA2_[M],4,Undirected
NLRP12_[M],HSPA8_[M],8,Undirected
MMRN1_[M],F5_[M],4,Undirected
PYCR2_[M],AHNAK2_[M],4,Undirected
TIAM1_[M],CD44_[M],4,Undirected
RYR2_[N],RYR1_[M],13,Undirected
HUWE1_[M],AHNAK2_[M],18,Undirected
TRIM38_[M],ATXN1_[M],4,Undirected
TRIM29_[M],SACS_[M],4,Undirected
KDR_[M],CUL1_[M],4,Undirected
SGIP1_[M],APP_[M],5,Undirected
OBSL1_[S],MDN1_[M],5,Undirected
RYR3_[M],BMI1_[M],8,Undirected
VCAM1_[M],PLEC_[M],4,Undirected
KEAP1_[M],CUL3_[M],4,Undirected
MRC1_[M],ATP4A_[S],5,Undirected
MACF1_[M],CNTNAP4_[M],14,Undirected
VCAM1_[M],HEATR1_[M],4,Undirected
FOXG1_[M],CPS1_[M],6,Undirected
FOXG1_[M],CPS1_[S],5,Undirected
TTN_[M],NBR1_[M],12,Undirected
MAP1B_[M],CACNA1A_[M],4,Undirected
ROBO2_[M],MYCBP2_[M],8,Undirected
SUCO_[M],LAMA1_[M],4,Undirected
SPEN_[M],SIRT7_[M],9,Undirected
PLEC_[M],ITGA4_[M],5,Undirected
UBC_[M],HUWE1_[M],5,Undirected
RAPGEF2_[M],PLEC_[M],4,Undirected
RIN3_[S],EZH2_[M],4,Undirected
HERC2_[M],GTSE1_[M],4,Undirected
TRRAP_[M],OBSL1_[M],5,Undirected
TTN_[M],ALB_[M],57,Undirected
NUMA1_[M],DYNC1H1_[M],4,Undirected
