Source,Target,Weight,Type
SP4_[M],ADAM15_[M],4,Undirected
TET3_[M],LTN1_[M],2,Undirected
MEN1_[M],CXXC1_[M],2,Undirected
SSRP1_[M],IFI16_[M],2,Undirected
PIK3CD_[S],CRK_[S],4,Undirected
SSRP1_[M],CNTROB_[S],2,Undirected
NUP98_[M],EP300_[M],2,Undirected
SPTBN1_[M],SMAD4_[M],2,Undirected
UGGT1_[M],TUBGCP3_[M],2,Undirected
LRP1_[M],A2M_[S],4,Undirected
USP28_[M],RCHY1_[M],2,Undirected
MYH9_[M],ASCC2_[M],2,Undirected
SIRT1_[M],HDAC4_[M],3,Undirected
PPP1R3A_[M],CDCA2_[S],2,Undirected
RASSF9_[M],PPP1R13B_[M],2,Undirected
CEP170_[S],CCAR2_[S],2,Undirected
CEP170_[S],CCAR2_[M],2,Undirected
TSG101_[M],ROCK1_[S],2,Undirected
KAT6A_[M],HSPA4_[M],2,Undirected
BAG6_[M],ASCC2_[M],2,Undirected
ZC3H4_[M],FLNB_[M],4,Undirected
SMARCA4_[M],BAZ1B_[M],4,Undirected
NIN_[M],HERC2_[S],4,Undirected
NIN_[M],HERC2_[M],10,Undirected
TTN_[N],ANK1_[M],2,Undirected
NCOA2_[S],CAD_[M],4,Undirected
NCOA2_[S],CAD_[S],2,Undirected
RNF31_[M],DDX58_[M],3,Undirected
HDAC5_[M],HCFC1_[M],2,Undirected
LRRC7_[M],CTNND2_[M],2,Undirected
TP53BP1_[M],EP300_[M],2,Undirected
KIF11_[M],CEP350_[M],2,Undirected
HSPA12A_[M],EPB41L3_[M],4,Undirected
NCOR2_[M],HDAC4_[M],6,Undirected
TTN_[M],EWSR1_[M],13,Undirected
UBR5_[M],DDB1_[M],3,Undirected
POLR2A_[M],NFKB1_[M],6,Undirected
PARK2_[M],CUL1_[M],6,Undirected
SUPT5H_[M],POLR2A_[M],3,Undirected
VCAM1_[M],BAG6_[M],2,Undirected
MYH9_[M],LUZP1_[M],2,Undirected
RYK_[M],CELSR2_[M],6,Undirected
TP53BP1_[M],MDC1_[M],2,Undirected
SGTA_[M],AHCYL1_[M],2,Undirected
VDR_[M],CFH_[M],2,Undirected
EP300_[M],DDX24_[M],2,Undirected
MECOM_[M],CREBBP_[M],2,Undirected
SREK1_[M],DGKD_[M],2,Undirected
OLA1_[M],HSPA4_[M],4,Undirected
TRRAP_[M],ING1_[M],2,Undirected
MAGI1_[M],LRP2_[M],2,Undirected
ROCK1_[S],HGS_[M],2,Undirected
STRAP_[M],HSF1_[S],2,Undirected
CLTC_[M],ATP6V0A1_[M],4,Undirected
CRK_[S],ABL1_[M],2,Undirected
TP53BP1_[M],CDC23_[M],2,Undirected
SOX30_[M],AHCYL1_[M],4,Undirected
SGTA_[S],BAG6_[M],4,Undirected
HCK_[M],CREBBP_[M],2,Undirected
VCAM1_[M],STON2_[M],2,Undirected
GSN_[M],ACTN4_[M],4,Undirected
YARS_[M],VCAM1_[M],2,Undirected
SEC24C_[M],CLTC_[M],2,Undirected
USP19_[M],HERC2_[S],4,Undirected
NFKB1_[M],EP300_[M],4,Undirected
USP19_[M],HERC2_[M],10,Undirected
TRIOBP_[N],BAG6_[M],4,Undirected
PCBP2_[M],HUWE1_[M],2,Undirected
THRA_[M],NCOR2_[M],6,Undirected
KIAA0753_[M],KIAA0586_[M],2,Undirected
MEN1_[M],HCFC1_[M],4,Undirected
HDAC4_[M],CTNNB1_[M],3,Undirected
HCK_[M],BCAR1_[M],2,Undirected
MSH3_[M],FOXA1_[S],2,Undirected
MYH9_[M],GSN_[M],4,Undirected
XIRP2_[S],NEB_[M],2,Undirected
SMAD4_[M],NOTCH4_[M],2,Undirected
PARK2_[M],HNRNPH3_[M],3,Undirected
TBC1D9B_[S],AMPD2_[M],2,Undirected
TUBGCP3_[M],HECTD1_[M],3,Undirected
TXNRD1_[M],OLA1_[M],4,Undirected
VDR_[M],GRIP1_[M],2,Undirected
KIF13A_[M],BCAR1_[M],4,Undirected
SREBF2_[M],EP300_[M],2,Undirected
EP300_[M],CLTC_[S],2,Undirected
EP300_[M],CLTC_[M],4,Undirected
PRUNE2_[M],DYNC1H1_[M],6,Undirected
SSRP1_[M],POLR2A_[M],6,Undirected
HDAC5_[M],CAD_[S],2,Undirected
HDAC5_[M],CAD_[M],4,Undirected
USP15_[M],RNF20_[M],2,Undirected
PRKAA2_[M],MAP3K5_[M],2,Undirected
LIMD1_[M],CEP170_[S],2,Undirected
MYO5A_[M],GRIA1_[M],2,Undirected
POLR2A_[M],MDC1_[M],6,Undirected
UBR5_[M],JAK3_[S],3,Undirected
VCAM1_[M],FERMT3_[M],2,Undirected
MDC1_[M],ANAPC2_[M],4,Undirected
ZBTB48_[M],CDC23_[M],2,Undirected
RBM39_[M],MDC1_[M],2,Undirected
PRKDC_[M],E4F1_[M],2,Undirected
RNF20_[M],CDC73_[M],2,Undirected
ZMIZ2_[S],SMARCA4_[M],4,Undirected
PREX1_[M],MTOR_[M],6,Undirected
SIPA1L1_[M],MYO19_[M],6,Undirected
RCHY1_[M],PLAGL2_[S],2,Undirected
UGGT1_[M],CUL1_[M],4,Undirected
SAMM50_[S],RHOT2_[M],4,Undirected
RBM14_[M],GAK_[N],4,Undirected
HSPA4_[M],CARS_[M],2,Undirected
VCAM1_[M],MYH9_[M],2,Undirected
SMARCA4_[M],HSF1_[S],2,Undirected
WHSC1_[M],KIF11_[M],2,Undirected
GAREM_[S],CRK_[S],4,Undirected
VWA8_[M],CDC23_[M],6,Undirected
PPP1R3A_[M],PIH1D1_[S],4,Undirected
OBSCN_[M],ANK1_[M],3,Undirected
REV3L_[M],CACNA1A_[M],8,Undirected
RBM39_[M],RBM14_[M],2,Undirected
ZEB2_[S],HDAC4_[M],6,Undirected
ZMYND8_[M],CHD4_[M],3,Undirected
MYH9_[M],DST_[S],2,Undirected
MYH9_[M],DST_[M],2,Undirected
ZEB1_[M],SMARCA4_[M],2,Undirected
SERPINE1_[S],LRP1_[M],4,Undirected
STON2_[M],MYO18A_[M],4,Undirected
HERC2_[S],CEP170_[S],4,Undirected
EP300_[M],BAG6_[M],4,Undirected
HERC2_[S],CEP170_[M],2,Undirected
HK1_[M],ATF2_[M],2,Undirected
TRIOBP_[N],HECTD3_[M],2,Undirected
EP300_[M],CREBBP_[M],4,Undirected
MYH9_[M],MYH10_[M],2,Undirected
EP300_[M],CREBBP_[S],2,Undirected
PTPRF_[M],CTNNB1_[M],2,Undirected
RYR3_[N],CUL1_[M],2,Undirected
MYOF_[M],BAG6_[M],2,Undirected
VARS_[M],KNTC1_[M],2,Undirected
SGTA_[M],HSPA4_[M],2,Undirected
PDCD11_[M],IFI16_[M],2,Undirected
KBTBD7_[M],FOXA1_[S],2,Undirected
TP53BP2_[M],EP300_[M],2,Undirected
NGEF_[M],EPHA4_[M],2,Undirected
UBR5_[M],CAD_[S],6,Undirected
UBR5_[M],CAD_[M],12,Undirected
VCAM1_[M],FLNB_[M],2,Undirected
ZFHX3_[M],TRIM25_[M],4,Undirected
KIF20A_[M],HERC2_[M],5,Undirected
KIF20A_[M],HERC2_[S],2,Undirected
PRRC2B_[M],EIF3F_[M],4,Undirected
PLEKHG3_[M],MYO18A_[M],4,Undirected
THRA_[M],GPS2_[M],9,Undirected
HDAC4_[M],ATF2_[M],3,Undirected
PLOD3_[M],DYNC1H1_[M],3,Undirected
HGS_[M],CSTF2T_[M],3,Undirected
STAMBPL1_[M],GAK_[N],2,Undirected
TRRAP_[M],SREBF2_[M],2,Undirected
VCAM1_[M],IPO5_[M],2,Undirected
YARS_[M],ITGA4_[M],2,Undirected
MYO18A_[M],DSG2_[M],2,Undirected
PTPRK_[M],PLXNA1_[M],4,Undirected
TP53BP1_[M],NFKB1_[M],2,Undirected
PARK2_[M],HK1_[M],6,Undirected
ILF2_[SS],DHX30_[M],2,Undirected
RNF20_[M],MED23_[M],2,Undirected
TRRAP_[M],MED13_[S],2,Undirected
MAP2K4_[M],FLNC_[S],2,Undirected
MAP2K4_[M],FLNC_[M],2,Undirected
TRRAP_[M],MED13_[M],2,Undirected
EPB41L3_[M],ACIN1_[M],4,Undirected
SUPT5H_[M],SETX_[M],3,Undirected
TRIM8_[S],TRIM25_[M],2,Undirected
ING1_[M],EP300_[M],2,Undirected
ENTHD2_[M],AP4E1_[M],2,Undirected
TSG101_[M],ACTN4_[M],2,Undirected
PTPRK_[M],LAMB2_[M],2,Undirected
SREK1_[M],CUL1_[M],4,Undirected
HDAC4_[M],BCOR_[S],3,Undirected
CLTC_[S],CLTCL1_[M],2,Undirected
MYO19_[M],MYO18A_[M],4,Undirected
SCYL1_[M],CDC25A_[M],2,Undirected
TP53BP1_[M],ANAPC2_[M],2,Undirected
NCOA2_[S],ANKRD11_[S],2,Undirected
SGTA_[S],SERPINE1_[S],2,Undirected
MYO18A_[M],GSN_[M],4,Undirected
STX11_[S],RUNX1T1_[S],2,Undirected
RCHY1_[M],MSH3_[M],2,Undirected
MYO6_[M],MYO19_[M],2,Undirected
HGS_[M],CLTC_[M],2,Undirected
NCOR2_[M],CREBBP_[M],4,Undirected
NCOR2_[M],CREBBP_[S],2,Undirected
UGGT1_[M],LTN1_[M],2,Undirected
ZNF516_[S],MED23_[M],2,Undirected
PCBP2_[M],KAT2A_[M],4,Undirected
RYK_[M],CTNNB1_[M],2,Undirected
KIAA0753_[M],CEP350_[M],4,Undirected
TRIM25_[M],PFKM_[M],2,Undirected
RYK_[M],CNNM2_[M],4,Undirected
SMARCA4_[M],CHD4_[M],2,Undirected
SBF1_[M],KMT2A_[M],2,Undirected
NOTCH2_[M],ITIH5_[M],4,Undirected
YARS_[M],DDB1_[M],2,Undirected
TRIM33_[S],SSRP1_[M],4,Undirected
POLR2A_[M],MYO6_[M],3,Undirected
STON2_[M],ITGA4_[M],2,Undirected
GRIP1_[M],CARM1_[M],2,Undirected
TNK2_[M],KDM3A_[M],3,Undirected
SVIL_[M],CLTC_[M],2,Undirected
CTNNB1_[M],ACTN4_[M],2,Undirected
ZNF572_[M],CADPS_[M],2,Undirected
ZNF572_[M],CADPS_[S],2,Undirected
SPTBN1_[M],MYH9_[M],4,Undirected
PRSS23_[M],NIPBL_[M],2,Undirected
NIPBL_[M],MED23_[M],2,Undirected
HPS5_[M],HERC2_[M],5,Undirected
HPS5_[M],HERC2_[S],2,Undirected
SALL2_[M],DDB1_[M],2,Undirected
ZNF281_[M],C2orf44_[M],2,Undirected
HERC1_[M],DFFA_[M],2,Undirected
FLNB_[M],AHNAK_[S],6,Undirected
FLNB_[M],AP1B1_[M],2,Undirected
STON2_[M],CLTC_[S],2,Undirected
STON2_[M],CLTC_[M],4,Undirected
SUPT6H_[M],RNF20_[M],2,Undirected
FLNB_[M],AHNAK_[M],4,Undirected
KMT2D_[M],CTNNB1_[M],2,Undirected
SSRP1_[M],CHD1_[N],2,Undirected
SSRP1_[M],CHD1_[S],2,Undirected
POLR2A_[M],EP300_[M],6,Undirected
PARK2_[M],MFN2_[M],3,Undirected
STON2_[M],ITSN1_[S],2,Undirected
YARS_[M],G3BP2_[M],2,Undirected
PDCD11_[M],BAG6_[M],4,Undirected
PLXNA1_[M],KDR_[M],4,Undirected
MYO19_[M],ITPR3_[M],2,Undirected
HERC1_[M],CLTC_[M],2,Undirected
PPP1R13B_[M],ERBB2_[M],2,Undirected
NIN_[M],CSPP1_[S],2,Undirected
PROC_[M],PROCR_[M],2,Undirected
KAT2A_[M],CTNNB1_[M],2,Undirected
EP300_[M],DDB1_[M],2,Undirected
FBXO42_[M],CUL1_[M],2,Undirected
RYK_[M],CYFIP1_[S],2,Undirected
TSTA3_[M],KDM3A_[M],2,Undirected
BAG6_[M],ACVR1B_[M],2,Undirected
TP63_[M],BAG6_[M],2,Undirected
BCAR1_[M],ARHGAP32_[M],2,Undirected
RBM39_[M],ACIN1_[M],2,Undirected
STRAP_[M],GH1_[M],2,Undirected
TRRAP_[M],KAT2A_[M],4,Undirected
HERC2_[M],AKAP9_[M],10,Undirected
TPR_[S],NUP107_[M],4,Undirected
ZAP70_[M],ABL1_[M],2,Undirected
VARS_[M],CACNA1A_[M],2,Undirected
WHSC1_[M],CCDC88C_[M],4,Undirected
NONO_[M],ATP6V0A1_[M],2,Undirected
FLNC_[M],DYNC1H1_[M],6,Undirected
PIK3C2B_[M],ITSN1_[S],3,Undirected
MYH9_[M],HDAC5_[M],2,Undirected
NUP205_[M],NUP107_[M],2,Undirected
SCYL1_[M],REST_[M],2,Undirected
HERC2_[S],CTNNB1_[M],2,Undirected
MYH9_[M],AHNAK_[S],6,Undirected
MYH9_[M],AHNAK_[M],4,Undirected
SMARCA4_[M],ING1_[M],2,Undirected
MYO18A_[M],MYH9_[M],4,Undirected
RHOT2_[M],PARK2_[M],6,Undirected
IFI16_[M],BAZ1B_[M],2,Undirected
TARBP1_[S],SREK1_[M],4,Undirected
SMARCA4_[M],NONO_[M],2,Undirected
PID1_[S],LRP1_[M],4,Undirected
HERC1_[S],DFFA_[M],4,Undirected
SMAD4_[M],CREBBP_[M],2,Undirected
SPTBN2_[M],MYO19_[M],2,Undirected
VAC14_[M],CRK_[S],4,Undirected
POLR2A_[M],EWSR1_[M],3,Undirected
INTS8_[M],INTS5_[M],4,Undirected
TSSK2_[M],SIPA1L1_[M],3,Undirected
LRP1_[M],CACNA1A_[M],8,Undirected
MYH9_[M],CREBBP_[S],2,Undirected
MYH9_[M],CREBBP_[M],4,Undirected
USP22_[N],CDC23_[M],2,Undirected
DNAJC13_[M],BSCL2_[M],3,Undirected
UTRN_[M],UBE3C_[M],4,Undirected
PTBP1_[M],PCBP2_[M],2,Undirected
KMT2A_[M],CTNNB1_[M],2,Undirected
ZSCAN26_[S],TRIO_[M],2,Undirected
SNX17_[M],LRP1_[M],4,Undirected
MED23_[M],EP300_[M],2,Undirected
MTOR_[M],GTF3C1_[M],6,Undirected
MON2_[M],ANKFY1_[M],2,Undirected
GAK_[N],AFAP1_[M],4,Undirected
PARK2_[M],HSDL2_[M],3,Undirected
SIPA1_[M],MYH9_[M],2,Undirected
HDAC4_[M],CAMK4_[M],6,Undirected
MYO5A_[M],HGS_[M],2,Undirected
CUL1_[M],AGL_[M],2,Undirected
PRKCQ_[M],CARD11_[M],4,Undirected
SREBF2_[M],GOLGB1_[M],2,Undirected
CDC23_[M],ANAPC2_[M],4,Undirected
SORL1_[S],CUL1_[M],4,Undirected
VAC14_[M],TP53BP1_[M],2,Undirected
NCOA2_[S],CREBBP_[M],2,Undirected
SEC24C_[M],AHCYL1_[M],2,Undirected
PARK2_[M],ESRRB_[M],6,Undirected
LRIF1_[M],DNAJC13_[M],2,Undirected
KIF13A_[M],HUWE1_[M],2,Undirected
THUMPD3_[M],CARS_[M],2,Undirected
TAOK1_[M],STK4_[M],2,Undirected
ENTHD2_[M],ASCC2_[M],2,Undirected
SMARCA4_[M],HIF1A_[S],2,Undirected
STON2_[M],ABL1_[M],2,Undirected
ROCK1_[S],MON2_[M],2,Undirected
RET_[M],BAG6_[M],2,Undirected
MYO18A_[M],DST_[S],2,Undirected
MYO18A_[M],DST_[M],2,Undirected
RBM14_[M],IFI16_[M],2,Undirected
SIPA1_[S],MYH9_[M],4,Undirected
PRKAR1B_[M],PRKAR1A_[M],2,Undirected
SALL2_[M],EWSR1_[M],2,Undirected
MYO19_[M],AFAP1_[M],4,Undirected
CLTC_[S],ATP6V0A1_[M],2,Undirected
TPR_[M],NUP107_[M],2,Undirected
SMARCA4_[M],MYO18A_[M],4,Undirected
RFC1_[M],NBN_[M],3,Undirected
KMT2A_[M],KAT6A_[M],2,Undirected
CACNA1A_[M],BZRAP1_[M],2,Undirected
SPTBN2_[M],MYO18A_[M],2,Undirected
PTPRF_[M],PFKM_[M],2,Undirected
TSG101_[M],TAX1BP1_[M],2,Undirected
PRKDC_[M],MDC1_[M],2,Undirected
ZNF592_[M],INTS5_[M],4,Undirected
MYH13_[M],HSF1_[S],2,Undirected
PYGB_[M],LIMD1_[M],2,Undirected
SVIL_[M],MYH13_[M],2,Undirected
MYO19_[M],AHNAK_[M],4,Undirected
MYO19_[M],AHNAK_[S],6,Undirected
HGS_[M],AHCYL1_[M],2,Undirected
POLR2A_[M],MEN1_[M],6,Undirected
EP300_[M],DTX1_[M],2,Undirected
HR_[M],HDAC5_[M],2,Undirected
THRA_[M],HR_[M],6,Undirected
STOML2_[M],PTBP1_[M],2,Undirected
SUPT6H_[M],PIH1D1_[S],2,Undirected
TPR_[S],NF2_[M],2,Undirected
NIN_[M],DYNC1H1_[M],6,Undirected
MDC1_[M],LMNA_[M],2,Undirected
MYO18A_[M],CLTC_[S],2,Undirected
MYO18A_[M],CLTC_[M],4,Undirected
TAX1BP1_[M],PARK2_[M],6,Undirected
KBTBD7_[M],GBF1_[M],2,Undirected
TP53BP1_[M],STRAP_[M],2,Undirected
FLNC_[M],FLNB_[SS],2,Undirected
REPIN1_[M],BCAN_[M],4,Undirected
TRIM25_[M],RNF31_[M],2,Undirected
HCFC1_[M],CXXC1_[M],2,Undirected
HERC1_[S],CLTC_[S],2,Undirected
HERC1_[S],CLTC_[M],4,Undirected
RYK_[M],FAT3_[M],4,Undirected
SUPT16H_[M],SREK1_[M],2,Undirected
EWSR1_[M],ATF7IP_[M],2,Undirected
VIL1_[M],PTPRO_[M],2,Undirected
HSPA4_[M],CLTC_[S],2,Undirected
HSPA4_[M],CLTC_[M],4,Undirected
SRCAP_[S],CARM1_[M],4,Undirected
PTPN4_[M],CRK_[S],2,Undirected
TNK2_[M],CLTC_[M],6,Undirected
TNK2_[M],CLTC_[S],3,Undirected
MED23_[M],MED13L_[M],3,Undirected
MYO18A_[M],COBL_[M],2,Undirected
HDAC5_[M],HDAC4_[M],3,Undirected
HERC2_[S],HERC1_[M],2,Undirected
HERC2_[S],HERC1_[S],4,Undirected
VDR_[M],POLR2A_[M],6,Undirected
LMNA_[M],CRK_[S],2,Undirected
MYH9_[M],KIF13B_[M],4,Undirected
CEP170_[S],CC2D1A_[M],4,Undirected
USP9X_[M],MTOR_[M],3,Undirected
UGGT1_[M],TP53BP1_[M],2,Undirected
RBM14_[M],CLTC_[M],4,Undirected
RBM14_[M],CLTC_[S],2,Undirected
PEX1_[M],HERC2_[S],4,Undirected
PEX1_[M],HERC2_[M],10,Undirected
ZC3H4_[M],FLNB_[SS],2,Undirected
RYK_[M],FREM2_[M],4,Undirected
TNK2_[M],SOCS4_[M],3,Undirected
ITGA4_[M],DYNC1H1_[M],3,Undirected
SOX5_[M],CDC23_[M],4,Undirected
CRK_[S],ATIC_[M],4,Undirected
MDC1_[M],CREBBP_[S],2,Undirected
TSTA3_[M],PTPRF_[M],4,Undirected
MDC1_[M],CREBBP_[M],4,Undirected
VDR_[M],MED13_[M],2,Undirected
GRIN2B_[M],EXOC3_[M],3,Undirected
MCM3AP_[M],CDC73_[M],2,Undirected
SH2D3A_[S],ERBB2_[M],2,Undirected
USP15_[M],JOSD1_[M],2,Undirected
GYS1_[M],CUL1_[M],2,Undirected
TUBGCP3_[M],EPPK1_[S],3,Undirected
FBXO5_[M],CDC23_[M],2,Undirected
SIPA1_[S],MYO19_[M],4,Undirected
ZEB1_[M],EP300_[M],2,Undirected
VDR_[M],MED13_[S],2,Undirected
TOE1_[M],PRCC_[S],2,Undirected
MYO5A_[M],MYO18A_[M],4,Undirected
PPP2R1B_[M],CLTC_[M],2,Undirected
MTOR_[M],EIF3F_[M],6,Undirected
FLNC_[S],DDB1_[M],2,Undirected
ZNF496_[M],SUPT5H_[M],2,Undirected
MACF1_[M],BAG6_[M],2,Undirected
TNK2_[M],EP300_[M],6,Undirected
MYO6_[M],GAK_[N],2,Undirected
SNRNP200_[M],FERMT3_[M],2,Undirected
HUWE1_[M],HSPA4_[M],2,Undirected
ITGA4_[M],IPO5_[M],2,Undirected
MYO18A_[M],FLNB_[M],4,Undirected
CRK_[S],ARHGAP32_[M],2,Undirected
TRIM33_[M],SSRP1_[M],2,Undirected
GOLGB1_[M],CCDC93_[M],2,Undirected
USP28_[M],ESPL1_[S],2,Undirected
USP28_[M],ESPL1_[M],2,Undirected
EP300_[M],EGR1_[M],3,Undirected
EIF3F_[M],DTX1_[M],2,Undirected
HDAC5_[M],GPS2_[M],3,Undirected
TPR_[S],DDB1_[M],2,Undirected
USP34_[N],SNRNP200_[M],2,Undirected
IARS_[M],CAD_[M],4,Undirected
IARS_[M],CAD_[S],2,Undirected
MYO19_[M],CLTCL1_[M],4,Undirected
RPS6KA2_[M],FLNC_[M],4,Undirected
RPS6KA2_[M],FLNC_[S],4,Undirected
MYO18A_[M],LUZP1_[M],2,Undirected
TSG101_[M],AKAP9_[M],2,Undirected
SGTA_[S],HK1_[M],4,Undirected
RAG1_[M],MDC1_[M],2,Undirected
MIER1_[M],CREBBP_[M],2,Undirected
PPFIA4_[M],NCOA2_[S],2,Undirected
PRKAR1A_[M],ANKRD26_[M],3,Undirected
QRICH2_[M],NUP98_[M],2,Undirected
GPS2_[M],EP300_[M],6,Undirected
NUP98_[M],NUP107_[M],2,Undirected
TP53BP1_[M],PELO_[M],2,Undirected
MYH9_[M],ACTN4_[M],4,Undirected
STX11_[S],CCBE1_[M],2,Undirected
NELL1_[M],CACNA1A_[M],2,Undirected
GRIP1_[M],CREBBP_[M],2,Undirected
SEC24C_[M],NOTCH2_[M],2,Undirected
ZMIZ2_[S],SALL2_[M],4,Undirected
SPTA1_[S],PTPRO_[M],2,Undirected
PIH1D1_[S],KMT2A_[M],4,Undirected
ZBTB48_[M],EP300_[M],2,Undirected
ZBTB20_[M],MYO19_[M],4,Undirected
CUL1_[M],CLTC_[S],2,Undirected
CUL1_[M],CLTC_[M],4,Undirected
RABEP1_[M],HERC2_[S],2,Undirected
RABEP1_[M],HERC2_[M],5,Undirected
STON2_[M],MYH9_[M],4,Undirected
IL10_[S],A2M_[S],2,Undirected
SPEN_[M],NOTCH2_[M],4,Undirected
TRRAP_[M],EP400_[S],4,Undirected
TRRAP_[M],CUL1_[M],4,Undirected
FGFR2_[M],FGF23_[S],2,Undirected
PIH1D1_[S],IFT122_[M],6,Undirected
CEP170_[S],CAMSAP1_[M],4,Undirected
RYK_[M],PTPRF_[M],4,Undirected
PPP1R3A_[M],PPP1R13B_[M],4,Undirected
EWSR1_[M],DFFA_[M],2,Undirected
POLR2A_[M],CDC73_[M],3,Undirected
FREM2_[M],CHST8_[M],2,Undirected
WHSC1_[M],MDC1_[M],4,Undirected
HECW1_[S],CACNA1A_[M],2,Undirected
NCOR2_[M],EP300_[M],4,Undirected
PBX1_[M],CREBBP_[M],2,Undirected
WDFY3_[M],BAG6_[M],4,Undirected
UHRF1BP1L_[M],FERMT3_[M],2,Undirected
TRIOBP_[N],MYH9_[M],4,Undirected
TJP2_[M],MYO19_[M],2,Undirected
PIK3CD_[S],ASCC2_[M],2,Undirected
RORA_[M],EP300_[M],2,Undirected
RNF14_[M],PNPLA7_[M],2,Undirected
MYO5A_[M],MYH9_[M],4,Undirected
TNK2_[M],HECW1_[S],3,Undirected
THRA_[M],AKAP13_[M],9,Undirected
MYH9_[M],CLTC_[M],4,Undirected
MYH9_[M],CLTC_[S],2,Undirected
PITX2_[M],AHCYL1_[M],4,Undirected
REPIN1_[M],HGS_[M],2,Undirected
CTNNB1_[M],APC2_[M],2,Undirected
CHD4_[M],BCL11B_[M],2,Undirected
TFIP11_[M],KANSL1_[M],2,Undirected
USP28_[M],USP15_[M],2,Undirected
PRKDC_[M],NUP107_[M],2,Undirected
MYO19_[M],FLNB_[M],4,Undirected
HERC2_[M],COPB2_[M],5,Undirected
NFKB1_[M],IRF9_[S],2,Undirected
SYNE1_[M],NUP107_[M],14,Undirected
PLS1_[M],MYH9_[M],2,Undirected
GAK_[N],CLTCL1_[M],4,Undirected
MYH8_[M],MYH13_[M],2,Undirected
PREX1_[M],ITSN1_[S],2,Undirected
CREBBP_[M],ANAPC2_[M],4,Undirected
TNKS1BP1_[M],SPTBN1_[M],2,Undirected
TP53BP1_[M],HDAC4_[M],3,Undirected
ITPR3_[M],ITPR1_[M],2,Undirected
STON2_[M],MYO19_[M],4,Undirected
SYNE1_[S],NUP107_[M],2,Undirected
SMARCA4_[M],KDM6A_[S],2,Undirected
SMARCA4_[M],KDM6A_[M],2,Undirected
PTPRF_[M],NID1_[M],2,Undirected
TRIOBP_[N],MYO18A_[M],4,Undirected
TLE1_[M],BTBD2_[M],2,Undirected
SMAD4_[M],NFKB1_[M],2,Undirected
TRIO_[M],PTPRF_[M],4,Undirected
GPS2_[M],ANKRD11_[S],6,Undirected
GPS2_[M],ANKRD11_[M],3,Undirected
TRIM25_[M],DDX58_[M],6,Undirected
TP63_[M],FLNC_[S],2,Undirected
TP63_[M],FLNC_[M],2,Undirected
WNK1_[M],CLTC_[M],2,Undirected
SVIL_[M],ACTN4_[M],2,Undirected
USP28_[M],MDC1_[M],4,Undirected
PARK2_[M],MTOR_[M],9,Undirected
ZMYND8_[M],FHOD1_[M],3,Undirected
USP28_[M],TP53BP1_[M],2,Undirected
FLNC_[M],DDB1_[M],2,Undirected
CUL1_[M],CTNNB1_[M],2,Undirected
EPHA4_[M],EFNB3_[M],2,Undirected
MYH13_[M],KIAA0355_[M],4,Undirected
POLR2A_[M],DDB1_[M],3,Undirected
TLE3_[M],CREBBP_[M],2,Undirected
MYH9_[M],MARK4_[M],2,Undirected
TSSK6_[S],HSPA4_[M],4,Undirected
RYK_[M],DYNC1H1_[M],6,Undirected
STAMBP_[S],CLTC_[M],2,Undirected
IPO5_[M],HUWE1_[M],2,Undirected
STRAP_[M],EP300_[M],4,Undirected
OLA1_[M],HUWE1_[M],2,Undirected
DHX30_[M],CUL1_[M],4,Undirected
IPO5_[M],CLTC_[M],4,Undirected
IPO5_[M],CLTC_[S],2,Undirected
MYH13_[M],ITGB4_[M],2,Undirected
ZMYM1_[M],FHL5_[M],4,Undirected
SGTA_[S],PCDHA4_[M],4,Undirected
SGTA_[S],PCDHA4_[S],2,Undirected
MAML2_[M],EP300_[M],2,Undirected
PPFIA4_[M],AGTPBP1_[M],4,Undirected
MYO19_[M],FLNB_[SS],2,Undirected
TBC1D9B_[S],ADORA3_[M],2,Undirected
GTF3C1_[M],ASCC2_[M],2,Undirected
NUP98_[M],CDC73_[M],2,Undirected
ULK2_[S],SYNGAP1_[M],2,Undirected
PBX1_[M],KAT2A_[M],2,Undirected
STON2_[M],GAK_[N],4,Undirected
CLTC_[M],CAD_[S],4,Undirected
PRKDC_[M],KAT2A_[M],2,Undirected
CLTC_[M],CAD_[M],8,Undirected
ITGB4_[M],BAG6_[M],2,Undirected
TAX1BP1_[M],FHL5_[M],4,Undirected
HSPA4_[M],HSF1_[S],2,Undirected
RYK_[M],PCDH7_[M],2,Undirected
VCP_[M],ARHGEF2_[M],2,Undirected
WNK1_[M],PRKAR1B_[M],2,Undirected
TNKS1BP1_[M],DYNC1H1_[M],3,Undirected
PARP10_[M],GAK_[N],2,Undirected
SGTA_[M],BAG6_[M],2,Undirected
TNFRSF13B_[M],SGTA_[S],2,Undirected
WHSC1_[M],MYCBP2_[S],4,Undirected
WHSC1_[M],MYCBP2_[M],4,Undirected
HUWE1_[M],CLTC_[M],2,Undirected
PRKAA2_[M],DFFA_[M],2,Undirected
ROCK1_[S],CDC25A_[M],2,Undirected
PRSS23_[M],HSPA4_[M],2,Undirected
ZWINT_[M],LENG8_[M],2,Undirected
IFT140_[M],IFT122_[M],6,Undirected
SEC24C_[M],GAK_[N],2,Undirected
ROCK1_[S],PFN2_[M],2,Undirected
NPLOC4_[M],DR1_[M],2,Undirected
FBXO5_[M],ANAPC2_[M],2,Undirected
EP300_[M],CFH_[M],2,Undirected
KIF13A_[M],AP1B1_[M],2,Undirected
OLA1_[M],EWSR1_[M],2,Undirected
HSPA4_[M],DDIT4_[M],2,Undirected
PARK2_[M],LMNA_[M],3,Undirected
PIK3CA_[M],GSN_[M],2,Undirected
ZMYND8_[M],SMARCA4_[M],6,Undirected
LRP6_[M],CTNNB1_[M],2,Undirected
SSRP1_[M],NF2_[M],2,Undirected
MDC1_[M],CDC23_[M],4,Undirected
HSPA4_[M],HIF1A_[S],2,Undirected
NIN_[M],CC2D1A_[M],4,Undirected
SREK1_[M],DDX39B_[M],2,Undirected
TRIM25_[M],MEIS2_[M],2,Undirected
SETX_[M],POLR2A_[M],9,Undirected
TRRAP_[M],MED23_[M],2,Undirected
KEAP1_[M],FAM129B_[M],2,Undirected
TRIM25_[M],IGF1R_[M],2,Undirected
SNX17_[M],CEP170_[S],2,Undirected
MPDZ_[M],CRK_[S],2,Undirected
SYNE1_[M],IFI16_[M],7,Undirected
KMT2A_[M],EWSR1_[M],2,Undirected
MYO6_[M],MYH9_[M],2,Undirected
DYNC1H1_[M],BICD2_[M],3,Undirected
SVIL_[M],NIN_[M],2,Undirected
ANKRD26_[M],AMOT_[M],3,Undirected
KRTAP9-4_[M],DOCK2_[M],2,Undirected
MYO19_[M],LUZP1_[M],2,Undirected
VDR_[M],RUNX1T1_[S],2,Undirected
TLE1_[M],NOD2_[M],2,Undirected
IFT140_[M],CRK_[S],4,Undirected
ZAP70_[M],HSPA4_[M],4,Undirected
ERBB2_[M],BCAR1_[M],2,Undirected
MTOR_[M],CDC37_[M],3,Undirected
SREK1_[M],RBM39_[M],2,Undirected
USP19_[M],CDC37_[M],2,Undirected
NCOR2_[M],BCOR_[S],2,Undirected
PALLD_[M],CNTROB_[S],2,Undirected
SRCAP_[S],EP300_[M],4,Undirected
SMARCA4_[M],CAD_[M],8,Undirected
SMARCA4_[M],CAD_[S],4,Undirected
MEF2C_[M],EP300_[M],2,Undirected
KEAP1_[M],FERMT3_[M],2,Undirected
STRAP_[M],HDAC5_[M],2,Undirected
NFKB1_[M],HDAC4_[M],6,Undirected
USP28_[M],STAMBP_[S],2,Undirected
USP9X_[M],USP34_[N],2,Undirected
NCOA2_[S],EP300_[M],2,Undirected
PCBP2_[M],HDAC5_[M],2,Undirected
ERBB2_[M],CLTC_[M],2,Undirected
MYH9_[M],ACE_[S],4,Undirected
RPS6KA1_[M],CREBBP_[M],2,Undirected
MYO19_[M],DSG2_[M],2,Undirected
MYH9_[M],CDC73_[M],2,Undirected
MYH9_[M],CUL1_[M],4,Undirected
DYNC1H1_[M],CLIP1_[N],3,Undirected
LRP1_[M],CC2D1A_[M],8,Undirected
XIRP2_[S],NSMAF_[M],2,Undirected
NBN_[M],MTOR_[M],3,Undirected
KMT2D_[M],HERC2_[S],4,Undirected
KMT2D_[M],HERC2_[M],10,Undirected
AHNAK_[S],ACTN4_[M],6,Undirected
RET_[M],CRK_[S],2,Undirected
MYH9_[M],ITPR3_[M],2,Undirected
USP32_[M],BAG6_[M],4,Undirected
RYK_[M],EPHA4_[M],4,Undirected
SMARCA4_[M],EP400_[S],4,Undirected
SVIL_[M],SPTBN1_[M],2,Undirected
JOSD1_[M],EIF3F_[M],4,Undirected
ITPR1_[M],AHCYL1_[M],4,Undirected
HERC2_[S],COPB2_[M],2,Undirected
NIN_[M],AMOT_[M],2,Undirected
PRUNE2_[M],EWSR1_[M],2,Undirected
RYR3_[S],CUL1_[M],2,Undirected
RYR3_[M],CUL1_[M],6,Undirected
MYO18A_[M],ACTN4_[M],4,Undirected
KMT2D_[M],CXXC1_[M],2,Undirected
RBM14_[M],EP300_[M],4,Undirected
HUWE1_[M],EPB41L3_[M],2,Undirected
TP63_[M],N4BP2_[M],2,Undirected
PPP1R13B_[M],EP300_[M],4,Undirected
RHOT2_[M],MYO19_[M],4,Undirected
MTOR_[M],CLIP1_[N],3,Undirected
SMARCA4_[M],BRWD1_[M],2,Undirected
UGGT1_[M],SUSD2_[M],2,Undirected
SIPA1_[M],MYO19_[M],2,Undirected
ZMYND8_[M],CHERP_[M],3,Undirected
ZNF592_[M],MED23_[M],2,Undirected
CTNNB1_[M],BCL9_[M],2,Undirected
PRKAR1A_[M],MEN1_[M],2,Undirected
EP300_[M],ATF2_[M],2,Undirected
PALLD_[M],MYH9_[M],4,Undirected
SGTA_[M],CUL1_[M],2,Undirected
RFX3_[M],EWSR1_[M],2,Undirected
TAF5L_[M],KAT2A_[M],2,Undirected
TTN_[M],ANK1_[M],13,Undirected
USP22_[N],KAT2A_[M],2,Undirected
NIN_[M],CEP350_[M],4,Undirected
LMNA_[M],BAZ1B_[M],2,Undirected
RBM39_[M],CUL1_[M],2,Undirected
PUM1_[M],KIAA0753_[M],2,Undirected
USP19_[M],IARS_[M],2,Undirected
WHSC1_[M],CTNNB1_[M],2,Undirected
MED23_[M],CREBBP_[M],2,Undirected
ZEB1_[M],CREBBP_[M],2,Undirected
NF2_[M],HSPA4_[M],2,Undirected
IFI16_[M],CARM1_[M],2,Undirected
TAB1_[M],CARD11_[M],2,Undirected
VCAM1_[M],GCN1L1_[S],2,Undirected
CUL1_[M],CARM1_[M],4,Undirected
SMARCA4_[M],PELO_[M],4,Undirected
NBN_[M],EP300_[M],2,Undirected
SMARCA4_[M],PBX1_[M],2,Undirected
UTRN_[S],UBE3C_[M],2,Undirected
SSH2_[M],MYO18A_[M],6,Undirected
XPO4_[M],UTRN_[M],2,Undirected
IFI16_[M],ACIN1_[M],2,Undirected
YARS_[M],AHNAK_[M],4,Undirected
YARS_[M],AHNAK_[S],6,Undirected
HUWE1_[M],ACTN4_[M],2,Undirected
USP9X_[M],AHCYL1_[M],2,Undirected
PCBP2_[M],ITGA4_[M],2,Undirected
USP9X_[M],PRICKLE2_[M],2,Undirected
HECTD3_[M],BAG6_[M],2,Undirected
MYH9_[M],FLNB_[SS],2,Undirected
ZNF281_[M],KIF21B_[M],2,Undirected
PRRC2B_[M],CRK_[S],4,Undirected
NFKB1_[M],CARM1_[M],4,Undirected
NACC1_[S],MAP3K5_[M],2,Undirected
HERC2_[S],GNA13_[M],2,Undirected
PARP4_[M],CLTC_[M],2,Undirected
VDR_[M],NCOA2_[S],2,Undirected
MCM3AP_[M],FAM118B_[M],4,Undirected
MYH9_[M],MEN1_[M],4,Undirected
ITGA4_[M],CLTC_[M],2,Undirected
CEP170_[M],CAMSAP1_[M],2,Undirected
FOXO3_[M],EP300_[M],2,Undirected
TRIM33_[S],C17orf53_[M],2,Undirected
KMT2C_[S],KDM6A_[M],2,Undirected
SLC25A12_[M],PELO_[M],2,Undirected
SSRP1_[M],SEC24C_[M],2,Undirected
KMT2C_[S],KDM6A_[S],2,Undirected
USP15_[M],BAG6_[M],2,Undirected
SUPT16H_[M],SSRP1_[M],2,Undirected
WDR36_[S],G3BP2_[M],2,Undirected
TOPORS_[S],NONO_[M],2,Undirected
PIK3C2B_[M],CRK_[S],6,Undirected
NBN_[M],IPO5_[M],2,Undirected
PPFIBP2_[M],CRK_[S],4,Undirected
MAP3K5_[M],KMT2A_[M],2,Undirected
REV3L_[M],HDAC4_[M],12,Undirected
SPTA1_[M],PTPRO_[M],2,Undirected
KAT2A_[M],DR1_[M],4,Undirected
FLNC_[S],FLNB_[M],4,Undirected
USP19_[M],HSPA4_[M],4,Undirected
SPTBN1_[M],NF2_[M],2,Undirected
ROCK1_[S],MED23_[M],2,Undirected
PARK2_[M],ATP2B3_[M],3,Undirected
CDC37_[M],AHCYL1_[M],2,Undirected
EIF4G3_[M],EIF3F_[M],2,Undirected
CLTC_[S],CAD_[M],4,Undirected
CEP170_[S],CENPJ_[M],2,Undirected
CLTC_[S],CAD_[S],2,Undirected
TSG101_[M],PALLD_[M],2,Undirected
IPO5_[M],ATIC_[M],4,Undirected
WDR24_[M],HERC2_[S],6,Undirected
WDR24_[M],HERC2_[M],15,Undirected
DCLK1_[S],CEP170_[S],2,Undirected
LMNA_[M],HCFC1_[M],2,Undirected
NBAS_[M],NAPG_[M],3,Undirected
PPP1R3A_[M],MKI67_[M],2,Undirected
KIF21B_[M],BAG6_[M],2,Undirected
SSRP1_[M],SREK1_[M],4,Undirected
ROCK1_[S],FAM124A_[M],2,Undirected
ZNF281_[M],PRCC_[S],4,Undirected
DDB1_[M],CUL1_[M],2,Undirected
PIK3CA_[M],CRK_[S],2,Undirected
LTBP1_[M],CACNA1A_[M],2,Undirected
RNF20_[M],HTT_[M],2,Undirected
TP63_[M],NFKB1_[M],2,Undirected
SMARCA4_[M],CREBBP_[S],2,Undirected
PELI2_[M],FRYL_[M],2,Undirected
USP15_[M],FERMT3_[M],2,Undirected
SMARCA4_[M],CREBBP_[M],4,Undirected
PIK3R4_[S],MAP1LC3C_[M],2,Undirected
SREK1_[M],SH3GLB2_[M],2,Undirected
MTOR_[M],ABL1_[M],3,Undirected
PARK2_[M],HK2_[M],3,Undirected
TLE1_[M],PCDHA4_[M],2,Undirected
TXNRD1_[M],TRIM25_[M],4,Undirected
SMARCA4_[M],REST_[M],2,Undirected
ZFR_[M],THUMPD3_[M],2,Undirected
PARK2_[M],MYO6_[M],3,Undirected
SCN3A_[M],LRP1_[M],4,Undirected
SMARCA4_[M],ARID2_[M],2,Undirected
MYH9_[M],ITPR2_[M],2,Undirected
TRPS1_[M],TP53BP1_[M],3,Undirected
KBTBD7_[M],CCAR2_[M],2,Undirected
MYPN_[S],BAG6_[M],2,Undirected
KBTBD7_[M],CCAR2_[S],2,Undirected
RYK_[M],DSC3_[M],2,Undirected
SRCAP_[S],CREBBP_[M],4,Undirected
SRCAP_[S],CREBBP_[S],2,Undirected
HERC2_[M],BICD2_[M],5,Undirected
TP63_[M],CARM1_[M],2,Undirected
NFKB1_[M],CTNNB1_[M],2,Undirected
STK4_[M],ABL1_[M],2,Undirected
SPEN_[M],MED23_[M],2,Undirected
FZD4_[S],BAG6_[M],2,Undirected
KIAA0753_[M],CSPP1_[S],2,Undirected
TRRAP_[M],BRINP1_[S],2,Undirected
RYK_[M],PCDH9_[M],2,Undirected
VDR_[M],FOXO3_[M],2,Undirected
KMT2A_[M],CREBBP_[S],2,Undirected
KMT2A_[M],CREBBP_[M],4,Undirected
MYH9_[M],AFAP1_[M],4,Undirected
ALDOC_[M],ACTN4_[M],2,Undirected
REPIN1_[M],CDC23_[M],4,Undirected
ZSCAN26_[S],LRP4_[M],2,Undirected
MTMR3_[M],HERC2_[S],2,Undirected
MAGI1_[M],CTNNB1_[M],2,Undirected
MTMR3_[M],HERC2_[M],5,Undirected
RBM14_[M],HDAC5_[M],2,Undirected
RBM25_[M],RBM14_[M],2,Undirected
ING1_[M],CREBBP_[M],2,Undirected
TTN_[S],EWSR1_[M],5,Undirected
USP19_[M],HIF1A_[S],2,Undirected
PTPRB_[M],CNTN1_[S],2,Undirected
PLEKHG3_[M],MYH9_[M],4,Undirected
TRIM33_[S],SUPT16H_[M],2,Undirected
CREBBP_[S],CARM1_[M],2,Undirected
HUWE1_[M],CRK_[S],2,Undirected
TRPM1_[M],BCOR_[S],2,Undirected
SPTBN2_[M],MYH9_[M],2,Undirected
HDAC5_[M],ACTN4_[M],2,Undirected
PARK2_[M],AMOT_[M],3,Undirected
SVIL_[M],MYO18A_[M],2,Undirected
PRCC_[S],EWSR1_[M],2,Undirected
SSRP1_[M],ACIN1_[M],4,Undirected
LMNA_[M],ACE_[S],2,Undirected
MED23_[M],BAG6_[M],2,Undirected
ILF2_[SS],CUL1_[M],2,Undirected
SPTBN1_[M],MYO19_[M],4,Undirected
SPTBN1_[M],ANK1_[M],2,Undirected
SGTA_[M],HK1_[M],2,Undirected
NBN_[M],HSPA4_[M],2,Undirected
FASN_[M],CARM1_[M],2,Undirected
ATF2_[M],AHNAK_[S],3,Undirected
ATF2_[M],AHNAK_[M],2,Undirected
GIGYF1_[S],CNTROB_[S],2,Undirected
PROX1_[M],EP300_[M],4,Undirected
VCAM1_[M],FLNC_[M],2,Undirected
TUBGCP3_[M],AKAP9_[M],2,Undirected
VCAM1_[M],FLNC_[S],2,Undirected
TNFRSF21_[M],STX11_[S],2,Undirected
TTN_[N],OBSCN_[M],7,Undirected
TARBP1_[S],FASN_[M],2,Undirected
PIK3C2B_[M],FASN_[M],3,Undirected
NUP98_[M],CREBBP_[M],2,Undirected
PRKAR1A_[M],BAHD1_[M],2,Undirected
HDAC5_[M],GCN1L1_[S],2,Undirected
PSMG3_[M],CUL1_[M],2,Undirected
TTN_[S],MYPN_[S],5,Undirected
TNK2_[M],GAK_[N],6,Undirected
MAP2K4_[M],FLNB_[M],2,Undirected
ITPR2_[M],HERC2_[M],5,Undirected
ITPR2_[M],HERC2_[S],2,Undirected
VCAM1_[M],PCBP2_[M],2,Undirected
MBOAT1_[M],HSPA4_[M],2,Undirected
FOXO3_[M],CREBBP_[M],2,Undirected
FLNC_[S],FLNB_[SS],2,Undirected
SBF2_[M],BAG6_[M],2,Undirected
MEF2C_[M],HDAC4_[M],3,Undirected
GTF3C1_[M],EP300_[M],4,Undirected
HIF1A_[S],HDAC4_[M],3,Undirected
TSG101_[M],PPFIBP2_[M],2,Undirected
MED13L_[M],HIF1A_[S],3,Undirected
PPP4R1_[M],POLR2A_[M],3,Undirected
POLR2A_[M],DNMT3A_[S],3,Undirected
POLR2A_[M],INTS5_[M],6,Undirected
RET_[M],PTPRF_[M],2,Undirected
TTN_[S],ANK1_[M],5,Undirected
MYO19_[M],MYH10_[M],2,Undirected
REST_[M],HDAC4_[M],3,Undirected
STOML2_[M],ADCK2_[S],2,Undirected
NUP214_[M],IPO5_[M],2,Undirected
ZC3H4_[M],USP28_[M],4,Undirected
SNX4_[M],ATP6V0A1_[M],2,Undirected
CRK_[S],ASAP1_[M],2,Undirected
CRK_[S],ASAP1_[S],2,Undirected
ZNFX1_[M],UGGT1_[M],2,Undirected
PFN2_[M],GOLGB1_[M],2,Undirected
ITGA4_[M],CAD_[M],4,Undirected
VCAM1_[M],DYNC1H1_[M],3,Undirected
ZNF592_[M],ZMYND8_[M],6,Undirected
ITGA4_[M],CAD_[S],2,Undirected
G3BP2_[M],CUL1_[M],2,Undirected
PCDHA4_[M],LRIF1_[M],2,Undirected
DLG5_[M],CTNNB1_[M],2,Undirected
KRT16_[M],CRK_[S],2,Undirected
MYH9_[M],COBL_[M],2,Undirected
ITGB6_[M],FLNB_[SS],2,Undirected
MEN1_[M],KMT2A_[M],4,Undirected
TRIP11_[M],MYH6_[M],4,Undirected
NGEF_[M],FAM118B_[M],2,Undirected
RYK_[M],DSG2_[M],2,Undirected
MN1_[S],EP300_[M],4,Undirected
TPR_[S],PRKDC_[M],2,Undirected
EPPK1_[S],CNTROB_[S],3,Undirected
HIF1A_[S],CEP350_[M],2,Undirected
STOML2_[M],EWSR1_[M],2,Undirected
MYO18A_[M],FLNB_[SS],2,Undirected
NUP214_[M],NUP107_[M],2,Undirected
WNK1_[M],GAK_[N],2,Undirected
MAML2_[M],CREBBP_[M],2,Undirected
VCAM1_[M],STRAP_[M],2,Undirected
SPTBN1_[M],EPB41L3_[M],4,Undirected
HDAC5_[M],CLTC_[M],2,Undirected
KALRN_[S],CACNA1A_[M],2,Undirected
HSPA4_[M],HCFC1_[M],4,Undirected
TPR_[S],LMNA_[M],2,Undirected
WNK1_[M],FLNC_[S],2,Undirected
WNK1_[M],FLNC_[M],2,Undirected
SOX5_[M],CDC25A_[M],2,Undirected
VDR_[M],KDM5A_[M],2,Undirected
RNF31_[M],NOD2_[M],2,Undirected
SUPT6H_[M],POLR2A_[M],3,Undirected
SPDL1_[M],GPS2_[M],3,Undirected
NIN_[M],LUZP1_[M],2,Undirected
RNF14_[M],CTNNB1_[M],2,Undirected
KMT2A_[M],CDC73_[M],2,Undirected
UBR5_[M],BAG6_[M],6,Undirected
KAT2A_[M],DDB1_[M],2,Undirected
NCOA2_[S],ESRRB_[M],2,Undirected
TP53BP1_[M],NUP107_[M],2,Undirected
MET_[M],CRK_[S],2,Undirected
HSPA4_[M],CUL1_[M],4,Undirected
ESRRB_[M],ERBB2_[M],2,Undirected
ROBO2_[N],MYCBP2_[S],2,Undirected
ROBO2_[N],MYCBP2_[M],2,Undirected
GOLGB1_[M],EWSR1_[M],2,Undirected
HSPA4_[M],BCOR_[S],2,Undirected
SIRT1_[M],DYNC1H1_[M],3,Undirected
IFI16_[M],CEP170_[S],2,Undirected
ITGA4_[M],ACTN4_[M],2,Undirected
ZSCAN26_[S],MTOR_[M],3,Undirected
HELZ_[S],CLTC_[M],2,Undirected
SYMPK_[S],KMT2A_[M],2,Undirected
PCDH9_[M],LPPR2_[M],3,Undirected
KIAA0753_[M],ALMS1_[M],2,Undirected
STAMBP_[S],CLTCL1_[M],2,Undirected
NCOA2_[S],CC2D1A_[M],2,Undirected
PRKDC_[M],EP300_[M],2,Undirected
SMARCA4_[M],ARID1B_[M],2,Undirected
ZAP70_[M],ERBB3_[M],2,Undirected
MDC1_[M],FLNB_[M],4,Undirected
WDR36_[S],TBXA2R_[M],2,Undirected
SSRP1_[M],CUL1_[M],4,Undirected
SYNE1_[M],LMNA_[M],7,Undirected
TLR4_[S],HSPA4_[M],2,Undirected
TP53BP2_[M],NIN_[M],2,Undirected
ZFPM2_[M],ITSN1_[S],2,Undirected
MYO9B_[M],HERC2_[M],5,Undirected
MYO9B_[M],HERC2_[S],2,Undirected
WDFY3_[M],MAP1LC3C_[M],4,Undirected
MAGI1_[M],ACTN4_[M],4,Undirected
USP19_[M],SNRNP200_[M],2,Undirected
NIPBL_[M],EWSR1_[M],2,Undirected
FBXL7_[M],AHCYL1_[M],2,Undirected
THRA_[M],NCOA2_[S],3,Undirected
PTPRK_[M],LAMA5_[M],2,Undirected
FLNC_[S],DYNC1H1_[M],6,Undirected
PTPRB_[M],NRCAM_[S],2,Undirected
NIN_[M],HECTD1_[M],6,Undirected
VDR_[M],CREBBP_[S],2,Undirected
VDR_[M],CREBBP_[M],4,Undirected
SMARCA4_[M],MARK4_[M],2,Undirected
TRIM25_[M],KMT2E_[M],2,Undirected
ZMYND8_[M],DDX24_[M],3,Undirected
SIRT1_[M],MTOR_[M],3,Undirected
NFKB1_[M],HDAC5_[M],2,Undirected
EPHA4_[M],ANAPC2_[M],4,Undirected
SSRP1_[M],ITGA4_[M],2,Undirected
HOXD3_[M],DDB1_[M],2,Undirected
EXOC8_[S],EXOC3_[M],3,Undirected
HSPG2_[M],CACNA1A_[M],2,Undirected
HUWE1_[M],EIF3F_[M],2,Undirected
SGTA_[M],PCDHA4_[M],2,Undirected
N4BP2_[M],KDM6A_[S],2,Undirected
HRNR_[M],EWSR1_[M],2,Undirected
N4BP2_[M],KDM6A_[M],2,Undirected
UHRF1BP1L_[S],FERMT3_[M],2,Undirected
HSPA4_[M],ABL1_[M],2,Undirected
VWA8_[M],KEAP1_[M],3,Undirected
MTOR_[M],DDB1_[M],3,Undirected
VCAM1_[M],RBM14_[M],2,Undirected
KIF11_[M],ANKLE2_[M],2,Undirected
PKDREJ_[S],ESRRB_[M],2,Undirected
NRCAM_[S],HSPA12A_[M],2,Undirected
USP15_[M],DFFA_[M],2,Undirected
MYO5A_[M],EXOC3_[M],6,Undirected
UBR5_[M],NCOA2_[S],3,Undirected
SPTBN1_[M],MYO18A_[M],4,Undirected
MKI67_[M],MDC1_[M],2,Undirected
PALLD_[M],NIN_[M],4,Undirected
PEAK1_[M],CRK_[S],2,Undirected
TNKS_[M],CEP170_[S],2,Undirected
HTT_[M],CREBBP_[M],2,Undirected
PLEKHG3_[M],MYO19_[M],4,Undirected
SGTA_[S],HSPA4_[M],4,Undirected
GRIP1_[M],EP300_[M],2,Undirected
SVIL_[M],MYO19_[M],2,Undirected
MDC1_[M],HERC2_[M],10,Undirected
SIRT1_[M],KAT2A_[M],2,Undirected
MDC1_[M],HERC2_[S],4,Undirected
ZBTB3_[M],THRA_[M],3,Undirected
LTBP4_[M],CACNA1A_[M],2,Undirected
WHSC1_[M],IFI16_[M],2,Undirected
NCOA2_[S],CARM1_[M],2,Undirected
VCAM1_[M],CLTC_[M],2,Undirected
XIRP2_[M],FLNC_[M],2,Undirected
XIRP2_[M],FLNC_[S],2,Undirected
RYK_[M],RHOT2_[M],4,Undirected
LUZP1_[M],KIAA0753_[M],2,Undirected
MYH10_[M],CUL1_[M],2,Undirected
TAX1BP1_[M],MAP1LC3C_[M],4,Undirected
MYO18A_[M],ARHGEF17_[M],4,Undirected
NFKB1_[M],NCOR2_[M],4,Undirected
MAP1S_[M],HDAC4_[M],3,Undirected
PRKAR1B_[M],NAPG_[M],2,Undirected
HUWE1_[M],BAG6_[M],2,Undirected
EP400_[S],CTNNB1_[M],2,Undirected
TP63_[M],MAP1A_[S],2,Undirected
VDR_[M],NCOR2_[M],4,Undirected
NOTCH2_[M],CNTN1_[S],2,Undirected
POLR2A_[M],BRINP1_[S],3,Undirected
EP300_[M],ANAPC2_[M],4,Undirected
ITSN1_[S],CLTC_[M],2,Undirected
CUL1_[M],CDC25A_[M],2,Undirected
PCLO_[M],EWSR1_[M],4,Undirected
LRIF1_[M],KBTBD7_[M],2,Undirected
MTOR_[M],MAPKAP1_[M],3,Undirected
STAT4_[M],CRK_[S],2,Undirected
RBM14_[M],CUL1_[M],4,Undirected
SETX_[M],CNTROB_[S],3,Undirected
ZBTB3_[M],PROX1_[M],2,Undirected
MYO19_[M],MYH9_[M],4,Undirected
USP15_[M],TRIM25_[M],2,Undirected
HCFC1_[M],ALDOC_[M],2,Undirected
GLI3_[M],CREBBP_[M],2,Undirected
STAC_[M],ANKLE2_[M],2,Undirected
PARK2_[M],HSPA4_[M],6,Undirected
STAMBP_[S],GAK_[N],2,Undirected
KMT2C_[S],CDC73_[M],2,Undirected
MAP1S_[M],GSN_[M],2,Undirected
KMT2A_[M],CXXC1_[M],2,Undirected
TRRAP_[M],CTNNB1_[M],2,Undirected
VDR_[M],MED23_[M],2,Undirected
TRAF3IP2_[M],HSPA4_[M],2,Undirected
SVIL_[M],KMT2A_[M],2,Undirected
IGF2R_[S],EWSR1_[M],2,Undirected
TTN_[N],MYPN_[S],2,Undirected
SIRT1_[M],HSPA4_[M],2,Undirected
MYO18A_[M],MARK4_[M],2,Undirected
LUZP1_[M],CEP170_[S],2,Undirected
HECW1_[S],GFI1B_[M],2,Undirected
MYO19_[M],COBL_[M],2,Undirected
THRA_[M],HSPA4_[M],6,Undirected
SMARCA4_[M],NCOR2_[M],4,Undirected
DHX38_[M],CLTC_[M],2,Undirected
TEP1_[M],PARP4_[M],2,Undirected
NLRP14_[S],MECOM_[M],2,Undirected
TJP2_[M],MYO18A_[M],2,Undirected
ETV1_[S],EP300_[M],2,Undirected
N4BP2_[M],EP300_[M],4,Undirected
VCAM1_[M],ACTN4_[M],2,Undirected
POLR2A_[M],KMT2D_[M],6,Undirected
VWF_[M],CACNA1A_[M],2,Undirected
SMAD4_[M],ATF7IP_[M],2,Undirected
AHNAK_[M],ACTN4_[M],4,Undirected
MAP1LC3C_[M],KBTBD7_[M],4,Undirected
MEFV_[S],MAP1LC3C_[M],2,Undirected
RPL10L_[M],CUL1_[M],2,Undirected
MECOM_[M],HDAC4_[M],3,Undirected
MYH9_[M],HUWE1_[M],2,Undirected
SGTA_[S],CUL1_[M],4,Undirected
MYO19_[M],ACTN4_[M],4,Undirected
UBR5_[M],NLRP3_[M],3,Undirected
TPR_[S],NUP98_[M],2,Undirected
RPS6KA2_[M],CREBBP_[S],2,Undirected
RPS6KA2_[M],CREBBP_[M],4,Undirected
MYH9_[M],FLNB_[M],4,Undirected
CNTROB_[S],BSN_[M],2,Undirected
RYK_[M],DCHS1_[S],2,Undirected
HSPA4_[M],HDAC5_[M],2,Undirected
ITGA4_[M],GCN1L1_[S],2,Undirected
EWSR1_[M],CSTF2T_[M],3,Undirected
LRP6_[M],DKK1_[M],2,Undirected
USP15_[M],DDX58_[M],3,Undirected
MAP3K5_[M],EP300_[M],3,Undirected
USP34_[N],AHCYL1_[M],4,Undirected
MTOR_[M],LARS_[M],3,Undirected
CREBBP_[M],CENPJ_[M],2,Undirected
TTN_[M],SPEN_[M],27,Undirected
VARS_[M],AHNAK_[S],3,Undirected
EP300_[M],CXXC1_[M],2,Undirected
VARS_[M],AHNAK_[M],2,Undirected
MYH2_[M],ACTN4_[M],2,Undirected
BCAR1_[M],ABL1_[M],2,Undirected
TSC2_[M],HERC1_[S],2,Undirected
MYH9_[M],MACF1_[M],2,Undirected
SYNE2_[S],CEP170_[S],2,Undirected
XIRP1_[M],FLNC_[S],4,Undirected
EGR1_[M],CREBBP_[M],2,Undirected
XIRP1_[M],FLNC_[M],4,Undirected
RHOT2_[M],ACIN1_[M],4,Undirected
TTN_[S],SPEN_[M],10,Undirected
ESRRB_[M],CDC37_[M],2,Undirected
STOML2_[M],PARK2_[M],6,Undirected
MTOR_[M],IRS1_[M],3,Undirected
NCOR2_[M],GPS2_[M],6,Undirected
TTN_[S],OBSCN_[M],15,Undirected
IFI16_[M],DHX30_[M],2,Undirected
KAT6A_[M],CREBBP_[M],2,Undirected
YARS_[M],DYNC1H1_[M],6,Undirected
SPTBN1_[M],CUL1_[M],4,Undirected
MYO5A_[M],MYO19_[M],4,Undirected
PTPRF_[M],NPLOC4_[M],2,Undirected
VDR_[M],SIRT1_[M],2,Undirected
ITGB6_[M],FLNB_[M],4,Undirected
RYK_[M],CDC37_[M],2,Undirected
MEN1_[M],CTNNB1_[M],2,Undirected
CTNNB1_[M],CTNNA3_[S],2,Undirected
HUWE1_[M],AKAP9_[M],2,Undirected
ZBED1_[M],PRKAR1A_[M],2,Undirected
YARS_[M],YARS2_[M],2,Undirected
MYO18A_[M],AFAP1_[M],4,Undirected
EP300_[M],CARM1_[M],4,Undirected
CENPJ_[M],CAMSAP1_[M],2,Undirected
SETD2_[M],POLR2A_[M],3,Undirected
POLR2A_[M],PIH1D1_[S],6,Undirected
KMT2E_[M],CUL1_[M],2,Undirected
HIF1A_[S],EP300_[M],2,Undirected
KMT2D_[M],KDM6A_[M],2,Undirected
PRKDC_[M],ANAPC2_[M],2,Undirected
SUPT6H_[M],PDCD11_[M],2,Undirected
KMT2D_[M],KDM6A_[S],2,Undirected
EWSR1_[M],CREBBP_[M],3,Undirected
POLR2A_[M],KMT2A_[M],6,Undirected
IRF9_[S],CREBBP_[M],2,Undirected
FLNC_[M],FLNB_[M],4,Undirected
NFKB1_[M],COPB2_[M],2,Undirected
EHD1_[M],ANKFY1_[M],2,Undirected
ITGA4_[M],FERMT3_[M],2,Undirected
HCK_[M],ADAM15_[M],2,Undirected
EWSR1_[M],BCL9_[M],2,Undirected
MYO5A_[M],MYH11_[M],2,Undirected
EWSR1_[M],CUL1_[M],2,Undirected
CEP170_[M],CC2D1A_[M],2,Undirected
TRIP11_[M],THRA_[M],12,Undirected
TFIP11_[M],GPS2_[M],3,Undirected
TJP2_[M],KBTBD7_[M],2,Undirected
TP63_[M],EP300_[M],2,Undirected
KIAA0753_[M],CENPJ_[M],2,Undirected
STRAP_[M],HUWE1_[M],2,Undirected
SYNE1_[N],NUP107_[M],2,Undirected
SPEN_[M],FERMT3_[M],4,Undirected
SREBF2_[M],CREBBP_[M],2,Undirected
HERC2_[M],CTNNB1_[M],5,Undirected
CEP170_[S],ARHGEF2_[M],2,Undirected
VAC14_[M],LINC00518_[R],2,Undirected
MCM3AP_[M],CDC25A_[M],2,Undirected
TPR_[S],NUP205_[M],2,Undirected
SPTBN1_[M],MEF2C_[M],2,Undirected
CEP170_[S],AKAP9_[M],4,Undirected
MEN1_[M],HSPA4_[M],4,Undirected
JAK1_[M],ATIC_[M],2,Undirected
TP53BP2_[M],PPP1R3A_[M],2,Undirected
USP22_[N],TRRAP_[M],2,Undirected
CRK_[S],BCAR1_[M],4,Undirected
NIN_[M],MYH13_[M],4,Undirected
HSF1_[S],CREBBP_[M],2,Undirected
PARK2_[M],ATP2B1_[M],3,Undirected
SREBF2_[M],ATF7IP_[M],2,Undirected
VAC14_[M],FNDC3B_[M],4,Undirected
ZBTB20_[M],MYH9_[M],4,Undirected
TTN_[N],SPEN_[M],4,Undirected
ZMYND8_[M],INTS5_[M],6,Undirected
KMT2A_[M],HCFC1_[M],4,Undirected
PPP2R1B_[M],INTS5_[M],2,Undirected
GRIA1_[M],ANAPC2_[M],2,Undirected
FBXL7_[M],CUL1_[M],2,Undirected
HERC2_[S],BICD2_[M],2,Undirected
STAMBPL1_[M],CLTC_[M],2,Undirected
ZC3H4_[M],DYNC1H1_[M],6,Undirected
MYH9_[M],DSG2_[M],2,Undirected
EP300_[M],DNA2_[M],4,Undirected
TSG101_[M],BAG6_[M],2,Undirected
TFIP11_[M],ANKRD11_[S],2,Undirected
ATP9A_[M],ABCC3_[S],2,Undirected
SMARCA4_[M],POLR2A_[M],6,Undirected
TRIM33_[S],RUNX1T1_[S],2,Undirected
SGTA_[S],PFN2_[M],2,Undirected
TP53BP2_[M],HSPA4_[M],2,Undirected
TTN_[M],MYPN_[S],13,Undirected
VDR_[M],EP300_[M],4,Undirected
NBN_[M],CELA2B_[M],2,Undirected
SSH2_[M],MYO19_[M],6,Undirected
SPEN_[M],NCOR2_[M],4,Undirected
SUPT6H_[M],MDC1_[M],2,Undirected
TSG101_[M],TRIM25_[M],2,Undirected
HERC2_[M],CEP170_[M],5,Undirected
HERC2_[M],CEP170_[S],10,Undirected
SVIL_[M],MYH9_[M],2,Undirected
SREK1_[M],RBM25_[M],2,Undirected
IPO5_[M],HK2_[M],2,Undirected
HSPA4_[M],CDC73_[M],2,Undirected
PALLD_[M],MYO19_[M],4,Undirected
PTPRK_[M],LRP1B_[M],3,Undirected
CREBBP_[S],ANAPC2_[M],2,Undirected
THRA_[M],GRIP1_[M],3,Undirected
VDR_[M],RNF14_[M],4,Undirected
TNK2_[M],HCK_[M],3,Undirected
TP63_[M],CAD_[S],2,Undirected
TP63_[M],CAD_[M],4,Undirected
ILKAP_[M],FBXO18_[S],2,Undirected
RBM14_[M],ILF2_[SS],2,Undirected
HUWE1_[M],DDB1_[M],2,Undirected
TRIM33_[S],SMAD4_[M],2,Undirected
UBR5_[M],TUBGCP3_[M],3,Undirected
SUPT5H_[M],CARM1_[M],2,Undirected
EWSR1_[M],BAG6_[M],2,Undirected
SMYD2_[M],EPB41L3_[M],2,Undirected
CEP170_[M],AKAP9_[M],2,Undirected
KBTBD7_[M],GTF3C1_[M],4,Undirected
OLA1_[M],ASCC2_[M],2,Undirected
MAP3K5_[M],ERN1_[M],2,Undirected
SMARCA4_[M],ATL2_[M],2,Undirected
CACNA1A_[M],BTG3_[M],2,Undirected
PARK2_[M],GRIN2B_[M],3,Undirected
KMT2A_[M],KIF11_[M],2,Undirected
MYO19_[M],GSN_[M],4,Undirected
SREBF2_[M],SPTBN1_[M],2,Undirected
TUBGCP3_[M],CEP170_[S],2,Undirected
MRVI1_[M],ITPR1_[M],2,Undirected
POLR2A_[M],MED23_[M],3,Undirected
ILF2_[SS],EP300_[M],2,Undirected
HIF1A_[S],CREBBP_[M],3,Undirected
PARK2_[M],HDAC4_[M],9,Undirected
HERC1_[M],EP300_[M],2,Undirected
RFC3_[M],RFC1_[M],3,Undirected
POLR2A_[M],IFI16_[M],3,Undirected
TAX1BP1_[M],CXXC1_[M],2,Undirected
HOXB3_[M],CREBBP_[M],2,Undirected
TTN_[M],OBSCN_[M],40,Undirected
PITX2_[M],CTNNB1_[M],2,Undirected
TRRAP_[M],FOXO3_[M],2,Undirected
NACC1_[S],HDAC4_[M],3,Undirected
MYH9_[M],ITGA4_[M],2,Undirected
MYO18A_[M],CDC42BPB_[M],2,Undirected
INPP5J_[M],CDC23_[M],2,Undirected
CREBBP_[M],ATF2_[M],2,Undirected
USP28_[M],JOSD1_[M],4,Undirected
RFC1_[M],NF2_[M],3,Undirected
PRKAR1A_[M],CAPN11_[M],2,Undirected
SGTA_[S],AHCYL1_[M],4,Undirected
ZSCAN26_[S],MSH3_[M],2,Undirected
ZEB2_[S],EP300_[M],4,Undirected
LRP1B_[M],EWSR1_[M],3,Undirected
KIAA0753_[M],CEP170_[M],2,Undirected
KIAA0753_[M],CEP170_[S],4,Undirected
PCBP2_[M],CUL1_[M],4,Undirected
VARS_[M],CAD_[M],4,Undirected
VARS_[M],CAD_[S],2,Undirected
MED23_[M],EP400_[S],2,Undirected
CTNNB1_[M],CARM1_[M],2,Undirected
MAP3K5_[M],CREBBP_[M],2,Undirected
VDR_[M],ACTN4_[M],4,Undirected
TRIM33_[M],CDC23_[M],2,Undirected
POLR2A_[M],ATF7IP_[M],6,Undirected
MCM3AP_[M],IFI16_[M],2,Undirected
SOS1_[M],CRK_[S],2,Undirected
PARK2_[M],ABL1_[M],3,Undirected
TRIM33_[S],EWSR1_[M],2,Undirected
NFKB1_[M],HSPA4_[M],4,Undirected
XIRP1_[M],NEB_[M],2,Undirected
SIRT1_[M],EP300_[M],2,Undirected
GOLGB1_[M],GAK_[N],4,Undirected
PRKAR1B_[M],AKAP1_[M],2,Undirected
SENP6_[M],LMNA_[M],2,Undirected
PELO_[M],MDC1_[M],4,Undirected
RPS6KA2_[M],RPS6KA1_[M],2,Undirected
CTNNB1_[M],CREBBP_[M],2,Undirected
FBXO18_[S],CUL1_[M],4,Undirected
TRIM33_[S],CDC23_[M],4,Undirected
PRKAA2_[M],NRAP_[M],2,Undirected
HOXB3_[S],CREBBP_[M],2,Undirected
TRPC3_[M],ITPR1_[M],2,Undirected
KAT6A_[M],EP300_[M],2,Undirected
EWSR1_[M],EP300_[M],2,Undirected
SALL1_[M],BCOR_[S],2,Undirected
STOML2_[M],PRKAR1A_[M],2,Undirected
MCM3AP_[M],LMNA_[M],2,Undirected
KIAA0753_[M],CAMSAP1_[M],4,Undirected
PARK2_[M],NACC1_[S],3,Undirected
ZCCHC12_[M],CREBBP_[S],2,Undirected
ZCCHC12_[M],CREBBP_[M],4,Undirected
LRP1_[M],CUBN_[M],4,Undirected
PTBP1_[M],CUL1_[M],2,Undirected
MYO19_[M],CLTC_[S],2,Undirected
ERBB2_[M],CRK_[S],2,Undirected
PALLD_[M],KDR_[M],2,Undirected
HGS_[M],ACTN4_[M],2,Undirected
MYO19_[M],CLTC_[M],4,Undirected
RBM14_[M],MED23_[M],2,Undirected
TTN_[N],EWSR1_[M],2,Undirected
SH2B3_[M],ERBB2_[M],2,Undirected
MARK4_[M],HSPA4_[M],2,Undirected
SMARCA4_[M],CARM1_[M],4,Undirected
MYH9_[M],ARHGEF17_[M],4,Undirected
THRA_[M],EP300_[M],6,Undirected
TRIO_[M],CENPJ_[M],2,Undirected
PCDHA4_[M],APLP1_[M],2,Undirected
CREBBP_[M],CARM1_[M],4,Undirected
TRIO_[M],NAV2_[M],2,Undirected
FLNB_[SS],AHNAK_[M],2,Undirected
CUL1_[M],CLTCL1_[M],4,Undirected
FLNB_[SS],AHNAK_[S],3,Undirected
NUP214_[M],HDAC4_[M],3,Undirected
ZNF281_[M],KDM6A_[M],2,Undirected
ZNF281_[M],KDM6A_[S],2,Undirected
MDC1_[M],FLNB_[SS],2,Undirected
SSRP1_[M],RBM14_[M],4,Undirected
POLR2A_[M],CREBBP_[S],3,Undirected
POLR2A_[M],CREBBP_[M],6,Undirected
TNK2_[M],BCAR1_[M],6,Undirected
XIRP2_[S],FLNC_[S],4,Undirected
XIRP2_[S],FLNC_[M],4,Undirected
HNRNPH3_[M],CUL1_[M],2,Undirected
CDC37_[M],CC2D1A_[M],2,Undirected
EP300_[M],COBL_[M],2,Undirected
VCAM1_[M],SSRP1_[M],2,Undirected
SPEN_[M],RUNX1T1_[S],2,Undirected
PALLD_[M],CENPJ_[M],2,Undirected
SSH2_[M],MYH9_[M],6,Undirected
MTOR_[M],MTMR3_[M],3,Undirected
MDC1_[M],EP300_[M],4,Undirected
PPP1R3A_[M],PEAK1_[M],2,Undirected
HERC2_[M],GNA13_[M],5,Undirected
EVPL_[M],ACIN1_[M],2,Undirected
THRA_[M],CUL1_[M],6,Undirected
KAT6A_[M],CRK_[S],2,Undirected
EPB41L3_[M],DDB1_[M],2,Undirected
KRT16_[M],CUL1_[M],2,Undirected
ROCK1_[S],ANKFY1_[M],4,Undirected
NUP107_[M],IFI16_[M],2,Undirected
ERBB3_[M],CRK_[S],2,Undirected
RFC1_[M],RBM14_[M],6,Undirected
RUNX1T1_[S],NCOR2_[M],2,Undirected
HUWE1_[M],AHNAK2_[M],4,Undirected
EWSR1_[M],ACE_[S],2,Undirected
MYO6_[M],CLTC_[M],2,Undirected
PARK2_[M],DDIT4_[M],3,Undirected
EHD1_[M],CLTC_[M],2,Undirected
KDR_[M],CUL1_[M],2,Undirected
HSF1_[S],DR1_[M],2,Undirected
SMAD4_[M],EP300_[M],2,Undirected
SNRNP200_[M],PARK2_[M],4,Undirected
TRIM33_[S],CTNNB1_[M],2,Undirected
MEN1_[M],KMT2D_[M],4,Undirected
HECTD1_[M],DIRAS3_[M],3,Undirected
MTOR_[M],HSPA4_[M],6,Undirected
SPTBN1_[M],EWSR1_[M],2,Undirected
TAX1BP1_[M],MYO6_[M],2,Undirected
CLTC_[M],AP1B1_[M],2,Undirected
KMT2E_[M],DHX30_[M],2,Undirected
MYO6_[M],MYO18A_[M],2,Undirected
TRIM25_[M],PITX2_[M],4,Undirected
SMARCA4_[M],CTNNB1_[M],2,Undirected
VDR_[M],HR_[M],4,Undirected
LRP12_[M],KLRAP1_[R],2,Undirected
TBC1D10A_[M],FERMT3_[M],2,Undirected
KIAA0430_[M],CLTC_[M],2,Undirected
TSG101_[M],EP300_[M],2,Undirected
MAP3K5_[M],HSPA4_[M],2,Undirected
MYO19_[M],ITGB4_[M],2,Undirected
HDAC5_[M],EIF3F_[M],2,Undirected
HERC2_[M],HERC1_[S],10,Undirected
HERC2_[M],HERC1_[M],5,Undirected
USP19_[M],GCN1L1_[M],2,Undirected
USP19_[M],GCN1L1_[S],4,Undirected
RYK_[M],FAT4_[S],2,Undirected
RYK_[M],FAT4_[M],4,Undirected
RASGRP3_[S],PRKCQ_[M],2,Undirected
RFC1_[M],CDC45_[S],3,Undirected
KMT2E_[M],HCFC1_[M],2,Undirected
MPHOSPH9_[M],KIAA0753_[M],2,Undirected
NSMAF_[M],KBTBD7_[M],2,Undirected
MYH6_[M],MCM3AP_[M],2,Undirected
RBM14_[M],ITGA4_[M],2,Undirected
GAK_[N],CLTC_[M],4,Undirected
GAK_[N],CLTC_[S],2,Undirected
RORA_[M],PROX1_[M],2,Undirected
NUP107_[M],ITPR2_[M],2,Undirected
NBN_[M],MDC1_[M],2,Undirected
PARK2_[M],CTNNB1_[M],3,Undirected
MET_[M],HSPA4_[M],2,Undirected
TPR_[S],ITGA4_[M],2,Undirected
SREK1_[M],ILF2_[SS],2,Undirected
NFKB1_[M],MEN1_[M],4,Undirected
MTOR_[M],BAG6_[M],6,Undirected
ROBO2_[M],MYCBP2_[M],4,Undirected
ROBO2_[M],MYCBP2_[S],4,Undirected
MCM3AP_[M],EP300_[M],4,Undirected
WDR36_[S],IFI16_[M],2,Undirected
ZAP70_[M],CRK_[S],4,Undirected
PCDH7_[M],CEP350_[M],2,Undirected
PARK2_[M],NDUFS2_[M],3,Undirected
NF2_[M],DHX30_[M],2,Undirected
EPPK1_[S],DYNC1H1_[M],9,Undirected
LRP6_[M],FZD5_[M],4,Undirected
HERC1_[S],EP300_[M],4,Undirected
N4BP2_[M],CREBBP_[M],4,Undirected
N4BP2_[M],CREBBP_[S],2,Undirected
SMARCA4_[M],MDC1_[M],4,Undirected
PLAA_[M],HK1_[M],2,Undirected
SUPT16H_[M],RNF20_[M],2,Undirected
TXNRD1_[M],IPO5_[M],4,Undirected
RYK_[M],PRKDC_[M],2,Undirected
THRA_[M],PRKDC_[M],3,Undirected
CLTC_[M],CLTCL1_[M],4,Undirected
NCOR2_[M],HDAC5_[M],2,Undirected
CHD8_[M],CASR_[M],2,Undirected
PRKAR1A_[M],MTOR_[M],3,Undirected
OLA1_[M],ALDOC_[M],2,Undirected
TARBP1_[S],BAG6_[M],4,Undirected
HDAC4_[M],CAMK1_[M],3,Undirected
ITGA4_[M],FLNB_[M],2,Undirected
LMNA_[M],HERC2_[M],5,Undirected
LMNA_[M],HERC2_[S],2,Undirected
HSPA4_[M],ERBB2_[M],2,Undirected
BZRAP1_[M],ANKRD11_[S],2,Undirected
LTBP3_[M],CACNA1A_[M],2,Undirected
ZAP70_[M],USP12_[M],2,Undirected
VDR_[M],BAZ1B_[M],4,Undirected
EP300_[M],CTNNB1_[M],2,Undirected
TLE3_[M],AHCYL1_[M],2,Undirected
VAC14_[M],PPIP5K2_[M],6,Undirected
MAGEA4_[M],GTF3C1_[M],2,Undirected
NIN_[M],CEP170_[M],2,Undirected
NIN_[M],CEP170_[S],4,Undirected
SH2D3A_[S],BCAR1_[M],4,Undirected
SUPT16H_[M],ACIN1_[M],2,Undirected
HERC2_[S],AKAP9_[M],4,Undirected
