GENE_A,GENE_B,rescaled weight
RYR3_[M],RYR2_[M],0.004887768
RYR2_[M],RYR1_[M],0.003756432
XIRP2_[M],FLNC_[M],0.002498092
GABRG2_[M],DRD5_[M],0.002457606
RYR2_[M],CACNA1C_[M],0.002412026
TNR_[M],PTPRZ1_[M],0.00194538
POTEKP_[R],BTK_[M],0.001898614
RYR3_[S],RYR2_[M],0.001743408
LRRC7_[M],CTNND2_[M],0.001691219
RPS16_[M],HSP90AA5P_[R],0.001453488
TNR_[M],NCAN_[M],0.001382051
TTN_[M],OBSCN_[M],0.001339971
NLRP12_[M],HSPA8_[M],0.001336228
UBXN1_[M],SPDL1_[M],0.001308558
XIRP2_[M],NEB_[M],0.001300567
MYH1_[M],ACTN2_[M],0.001285937
SPTA1_[M],SLC9A2_[M],0.001267805
RYR2_[M],RYR1_[S],0.001262666
RYR3_[M],RYR2_[S],0.001183027
MTUS2_[M],DOCK2_[M],0.00118282
NXPH2_[M],ITIH2_[M],0.001177856
RYR2_[M],ALB_[M],0.001168659
LRRC7_[M],CTNND2_[S],0.00115715
NLRP5_[M],NLRP3_[M],0.001116902
UBE2NL_[R],ITGA4_[M],0.001116487
RPS16_[M],CUL1_[M],0.001103753
ZNF536_[M],FOXC2_[M],0.001077731
RYR2_[S],RYR1_[M],0.001073266
MYH2_[M],ACTN2_[M],0.001071237
UBXN1_[M],CSE1L_[M],0.001062473
FASLG_[M],EPS8L3_[M],0.001036538
SPTA1_[M],PLEC_[M],0.001032347
PRMT5_[M],FBXO6_[S],9.87E-04
DMD_[M],AHNAK_[M],9.64E-04
EPB41L3_[M],CNTNAP2_[M],9.57E-04
ROR2_[M],C1orf94_[M],9.40E-04
MMRN1_[M],KPRP_[M],9.38E-04
TNR_[M],ACAN_[M],9.27E-04
POTEKP_[R],DST_[M],9.22E-04
TNN_[M],ACTN2_[M],9.12E-04
LRRC7_[M],CNKSR2_[M],9.03E-04
SPTA1_[M],PTPRO_[M],9.02E-04
TTN_[M],MYPN_[M],8.97E-04
KCNA4_[M],KCNA3_[M],8.90E-04
EGFR_[M],CTNNA2_[M],8.89E-04
PCDH9_[M],NXPH2_[M],8.87E-04
MEOX2_[M],ADAMTS12_[M],8.87E-04
PPP2R1A_[M],CTNNA2_[M],8.83E-04
KEAP1_[M],AMER1_[M],8.77E-04
MEOX2_[S],ESR2_[M],8.77E-04
VPS16_[M],CFH_[M],8.72E-04
PCDH7_[M],NXPH2_[M],8.72E-04
NRXN1_[M],MYO16_[M],8.62E-04
SPTA1_[M],ANK1_[M],8.49E-04
CALCR_[M],APOB_[M],8.42E-04
MYH8_[M],ACTN2_[M],8.25E-04
MYH7_[M],ACTN2_[M],8.22E-04
WDR1_[M],KEAP1_[M],8.20E-04
RNF2_[M],GLUD2_[M],8.20E-04
KEAP1_[M],BOD1L1_[M],8.14E-04
ZNF804A_[M],SPP1_[M],8.11E-04
ZNF423_[M],MTA1_[M],8.05E-04
PTPRK_[M],LRP1B_[M],8.02E-04
UBE3A_[M],DDX39B_[M],7.99E-04
LRRC7_[M],CDH2_[M],7.93E-04
SPTB_[M],SPTA1_[M],7.91E-04
TRIM42_[M],HOXA1_[M],7.91E-04
NLRP3_[M],ARHGAP17_[M],7.86E-04
LRRC7_[M],DLG4_[M],7.83E-04
PRMT5_[M],EZH2_[M],7.81E-04
TTN_[M],SPEN_[M],7.81E-04
PPP1R3A_[M],PFDN6_[S],7.81E-04
UBXN1_[M],UBE4B_[N],7.79E-04
MYH7_[M],KEAP1_[M],7.74E-04
TRIM29_[M],HDAC9_[M],7.71E-04
UBR5_[M],NLRP3_[M],7.60E-04
RYR2_[M],AKAP6_[M],7.60E-04
SPTA1_[M],BTK_[M],7.56E-04
PKP2_[M],DSG1_[M],7.54E-04
MYH8_[M],MYH13_[S],7.48E-04
EPRS_[M],CUL1_[M],7.43E-04
PTPRD_[M],PPFIA2_[M],7.41E-04
OFD1_[M],FAM83B_[M],7.38E-04
CDH4_[M],CDH2_[M],7.38E-04
CUL4A_[M],CUL1_[M],7.37E-04
NTRK1_[M],GNAS_[M],7.36E-04
MEOX2_[S],CXXC1_[M],7.36E-04
MYH4_[M],ACTN2_[M],7.35E-04
SLIT2_[M],ROBO4_[M],7.21E-04
TTN_[M],ANK1_[M],7.17E-04
FAM47B_[M],APP_[M],7.16E-04
CDH6_[M],CDH18_[M],7.09E-04
KEAP1_[M],CEP135_[M],7.04E-04
DHX9_[S],ACTA1_[M],6.98E-04
SIPA1L1_[M],NRXN1_[M],6.97E-04
HERC2_[M],ASPM_[M],6.86E-04
VCAN_[M],BCAN_[M],6.84E-04
NAV3_[M],APC_[M],6.82E-04
TRIOBP_[M],MYH9_[M],6.81E-04
HSP90AA4P_[R],CDK15_[M],6.79E-04
SAFB2_[M],CHGB_[M],6.76E-04
UBXN1_[M],UBR1_[M],6.73E-04
LRCH2_[M],ARPC3_[M],6.73E-04
KHDRBS2_[M],FGA_[M],6.66E-04
MYH8_[M],MYH13_[M],6.65E-04
PIK3CG_[M],KIT_[M],6.63E-04
SPTA1_[S],BTK_[M],6.62E-04
PTPRZ1_[M],CNTN1_[M],6.58E-04
HRNR_[M],BTK_[M],6.56E-04
FAM83B_[M],CEP128_[M],6.55E-04
ZNF521_[M],LYST_[M],6.54E-04
CRP_[M],CFH_[M],6.51E-04
TRIM42_[M],GLI1_[M],6.50E-04
NXPH2_[M],NRP2_[M],6.48E-04
RYR2_[M],CACNA1C_[S],6.46E-04
RYR2_[S],CACNA1C_[M],6.46E-04
SPEN_[M],SIRT7_[M],6.44E-04
RBFOX1_[M],ATXN2_[M],6.44E-04
SCN3A_[M],LRP2_[M],6.42E-04
KLHL1_[M],CACNA1A_[M],6.40E-04
IARS2_[M],CDH2_[M],6.34E-04
RELA_[M],APBA2_[M],6.31E-04
NXPH2_[M],FAT1_[M],6.31E-04
HSPA8_[M],CPS1_[M],6.29E-04
TTN_[M],RAPGEF2_[M],6.29E-04
ZMYM3_[M],THOC2_[M],6.28E-04
CDH2_[M],CDH11_[M],6.26E-04
NUP133_[M],FLNC_[M],6.25E-04
NIN_[M],FAM83B_[M],6.21E-04
KDM5B_[M],ELF4_[M],6.20E-04
RIN3_[S],EZH2_[M],6.20E-04
PHRF1_[M],NLRP3_[M],6.19E-04
SYNPO2_[M],FLNC_[M],6.18E-04
HNRNPA1_[M],FLG_[M],6.17E-04
ZMYM2_[M],USP15_[M],6.12E-04
TRIM42_[M],RUNX1T1_[M],6.11E-04
SH3GL2_[M],F13A1_[M],6.09E-04
SMARCA4_[M],MYOCD_[M],6.09E-04
SPHKAP_[M],LNX1_[M],6.08E-04
TNN_[S],ACTN2_[M],6.08E-04
PIK3R5_[M],PIK3CG_[M],6.08E-04
CCT6B_[M],ASTN2_[M],6.07E-04
SPTA1_[S],FASLG_[M],6.07E-04
JUP_[M],CDH10_[M],6.03E-04
XIRP2_[S],FLNC_[M],6.01E-04
MYO1A_[M],CUL1_[M],5.98E-04
PKP2_[M],DSG2_[M],5.96E-04
GRIK1_[M],DLG4_[M],5.94E-04
HERC2_[M],EPHA7_[M],5.93E-04
ZFHX4_[M],CHD4_[M],5.85E-04
UHRF1_[M],PRMT5_[M],5.85E-04
GCN1L1_[M],FN1_[M],5.81E-04
JUP_[M],CTNNA2_[M],5.81E-04
PALLD_[M],NINL_[M],5.81E-04
MAGI2_[M],DSCAML1_[M],5.81E-04
UHRF1_[M],EZH2_[M],5.80E-04
NT5E_[M],DNAAF5_[S],5.75E-04
PALB2_[M],KEAP1_[M],5.75E-04
KIRREL2_[M],CPS1_[M],5.75E-04
TRIO_[M],NAV3_[M],5.74E-04
RYR2_[M],CFTR_[M],5.73E-04
PHRF1_[M],KIF21A_[M],5.68E-04
NRXN1_[M],NLGN1_[M],5.68E-04
ZEB2_[M],APP_[M],5.66E-04
SPTA1_[M],MYBL2_[M],5.64E-04
FOXG1_[M],CPS1_[M],5.63E-04
TRPC4_[M],TRPC1_[M],5.62E-04
MRC1_[M],ATP4A_[S],5.61E-04
UNC13A_[M],EPB41L3_[M],5.61E-04
PARK2_[M],GRIK2_[M],5.57E-04
XIRP2_[M],FLNC_[S],5.55E-04
UBR2_[M],EPHA7_[M],5.54E-04
FLNC_[M],DYNC1H1_[M],5.53E-04
POLR3A_[M],PKP2_[M],5.51E-04
GRIK2_[M],GRID2_[S],5.50E-04
PEG3_[M],ALB_[M],5.46E-04
HUWE1_[M],AHNAK2_[M],5.46E-04
TNR_[M],MAGEB4_[M],5.46E-04
SMARCAD1_[M],NTRK1_[S],5.45E-04
REG3A_[M],FN1_[M],5.41E-04
RIMS1_[S],MYH1_[M],5.40E-04
VAV3_[M],EGFR_[M],5.40E-04
LRP2_[M],LPA_[M],5.40E-04
UBASH3B_[S],SPTA1_[M],5.37E-04
NLRP5_[M],NLRP2_[M],5.36E-04
MYH2_[M],ACTN2_[S],5.36E-04
TTN_[M],ALB_[M],5.35E-04
HNRNPF_[M],DZIP3_[M],5.31E-04
FH_[M],CPS1_[M],5.29E-04
RYR3_[S],RYR2_[S],5.29E-04
PPP1R3A_[M],MKI67_[M],5.27E-04
NES_[M],LAMA1_[M],5.26E-04
HERC2_[M],ATP4A_[M],5.25E-04
NLGN3_[M],FLNA_[M],5.25E-04
CEP120_[M],ANK2_[M],5.24E-04
OSBPL10_[M],KEAP1_[M],5.23E-04
HTATSF1_[M],AP3D1_[S],5.23E-04
UBE3C_[M],NTRK1_[M],5.22E-04
FLG_[M],EZH2_[M],5.22E-04
LRP1_[M],CUBN_[M],5.21E-04
UBC_[M],DLGAP4_[M],5.19E-04
OLFM4_[M],NID2_[M],5.19E-04
NRXN1_[M],MACF1_[M],5.18E-04
NXPH2_[M],CELSR2_[M],5.18E-04
PRMT3_[M],OSBP_[M],5.17E-04
ZNF521_[M],MTA1_[M],5.16E-04
SOX10_[S],POU3F2_[M],5.15E-04
CUL1_[M],CACNA1C_[M],5.14E-04
TTN_[S],OBSCN_[M],5.14E-04
TTN_[M],OBSCN_[S],5.14E-04
CD1B_[M],ATP2B3_[M],5.12E-04
ZHX1_[M],LAMA4_[M],5.11E-04
RBBP6_[M],NLRP2_[M],5.10E-04
MACF1_[M],CNTNAP2_[M],5.10E-04
LRP2_[M],ANKS1B_[M],5.08E-04
PPP3CB_[M],PPP1R3A_[M],5.07E-04
SLC38A6_[M],APOB_[M],5.06E-04
SPTA1_[M],FASLG_[M],5.06E-04
RYR2_[M],RYR1_[N],5.05E-04
MAG_[M],COL3A1_[M],5.04E-04
PAPPA2_[M],IGFBP3_[M],5.02E-04
GRIK2_[M],DLG4_[M],5.02E-04
GOLIM4_[M],CCDC132_[M],5.01E-04
XIRP2_[M],NSMAF_[M],5.00E-04
ROBO3_[M],MTUS2_[M],5.00E-04
STK11_[M],SMARCA4_[M],5.00E-04
ZIC1_[M],GLI2_[M],5.00E-04
RAPGEF2_[M],FLNC_[M],4.96E-04
STAT1_[M],PPARD_[M],4.95E-04
MACF1_[M],CNTNAP4_[M],4.95E-04
MAPKBP1_[M],KEAP1_[M],4.94E-04
COL1A2_[M],COL1A1_[M],4.94E-04
DTNA_[M],DMD_[M],4.94E-04
ZFC3H1_[M],NINL_[M],4.90E-04
FN1_[M],AHNAK_[M],4.88E-04
NEB_[M],MYPN_[M],4.88E-04
CENPF_[M],ALK_[M],4.84E-04
XIRP2_[M],NEB_[S],4.84E-04
NXPH2_[M],FRAS1_[M],4.83E-04
RNF31_[M],KIF1A_[M],4.82E-04
LRRC7_[M],CUL3_[M],4.80E-04
RYR2_[S],ALB_[M],4.78E-04
LPA_[M],FGB_[M],4.77E-04
TSHZ3_[M],MTUS2_[S],4.76E-04
PTPRB_[S],CNTN1_[M],4.76E-04
MOV10_[M],KIF21A_[M],4.75E-04
UTP14A_[M],PRPF40A_[M],4.75E-04
EPB41L2_[M],DCAF8_[M],4.75E-04
LNX1_[M],CTNND2_[M],4.74E-04
PTPRH_[M],GHR_[M],4.74E-04
RYR2_[N],CACNA1C_[M],4.74E-04
PIGS_[M],EGFR_[M],4.73E-04
MEOX2_[S],HGF_[M],4.71E-04
PSMD1_[M],EPAS1_[M],4.71E-04
FOXG1_[M],CPS1_[S],4.70E-04
RYR3_[N],RYR2_[M],4.67E-04
SPACA1_[M],KIAA0368_[M],4.66E-04
TBXA2R_[S],GPRASP1_[M],4.66E-04
MYH6_[M],ACTN2_[S],4.66E-04
SIPA1L1_[S],NRXN1_[M],4.65E-04
THOC2_[M],GNAS_[M],4.65E-04
TRRAP_[M],MED12_[M],4.62E-04
RBM12_[M],MOV10_[M],4.59E-04
USP9X_[M],HECW2_[M],4.54E-04
COL4A5_[M],CEP170P1_[R],4.52E-04
UTRN_[M],PIK3CG_[M],4.52E-04
KDR_[M],CUL1_[M],4.50E-04
MYH2_[M],CBL_[M],4.49E-04
CALCR_[S],APOB_[M],4.49E-04
TNR_[S],PTPRZ1_[M],4.49E-04
HECW1_[M],CACNA1A_[M],4.47E-04
LARS_[M],ITGA4_[M],4.47E-04
MAGI1_[M],LRP2_[M],4.46E-04
SGIP1_[M],APP_[M],4.45E-04
PDGFRA_[M],NTRK1_[M],4.44E-04
RYR2_[S],AKAP6_[M],4.43E-04
ZNF106_[M],GTSE1_[M],4.42E-04
UBC_[S],SLIT2_[M],4.41E-04
ZNF638_[M],EZH2_[M],4.40E-04
HCN3_[S],HCN1_[M],4.38E-04
NCOA6_[M],ESR2_[M],4.38E-04
EP300_[S],CFH_[M],4.38E-04
ERBB4_[M],ANKS1B_[M],4.37E-04
PTK2B_[M],GRIN2A_[M],4.36E-04
LARP1_[M],EZH2_[M],4.35E-04
SALL1_[M],BCOR_[M],4.35E-04
KIAA0753_[M],CENPJ_[S],4.34E-04
VCAM1_[M],KPNB1_[M],4.34E-04
NUP133_[M],AHCTF1_[M],4.34E-04
SPARC_[S],COL3A1_[M],4.33E-04
DMD_[M],ALB_[M],4.32E-04
NALCN_[M],MEOX2_[S],4.29E-04
SPTA1_[M],PTPN22_[M],4.29E-04
PCDH10_[M],DLG4_[M],4.28E-04
TNR_[M],ACAN_[S],4.28E-04
RYR2_[M],PRKACB_[M],4.27E-04
PDZD2_[M],NRXN1_[M],4.27E-04
PDGFRA_[M],KIT_[M],4.25E-04
BCAR1_[M],ALK_[S],4.24E-04
USH2A_[M],BRCA1_[M],4.23E-04
TIAM1_[M],ALB_[M],4.23E-04
UBE3C_[M],RBM15_[M],4.22E-04
RYR3_[M],BMI1_[M],4.21E-04
LIG4_[S],COL1A2_[M],4.21E-04
RAD21_[M],CPS1_[M],4.21E-04
CUBN_[M],BRCA1_[M],4.20E-04
GRID2_[M],GRIA2_[M],4.18E-04
GRID2_[S],GRIA2_[M],4.18E-04
TUBG1_[M],FLG_[M],4.18E-04
YLPM1_[M],CHGB_[M],4.14E-04
OSBPL8_[M],NTRK1_[M],4.14E-04
SYT13_[M],NRXN1_[M],4.13E-04
MUC16_[M],CEP170P1_[R],4.13E-04
TRIM55_[M],FLNC_[M],4.13E-04
KEAP1_[M],CUL3_[M],4.13E-04
ZNF33A_[M],CCDC132_[M],4.12E-04
RYR2_[N],RYR1_[M],4.10E-04
PJA2_[M],KIAA0753_[M],4.10E-04
RELA_[M],NCOA6_[M],4.09E-04
RUNX1T1_[M],MEOX2_[M],4.09E-04
NXPH2_[M],FAT4_[M],4.08E-04
PDZD2_[M],CTNND2_[M],4.07E-04
INSR_[M],INSRR_[M],4.07E-04
SLITRK3_[M],KDM5B_[M],4.07E-04
TNIK_[M],CNKSR2_[M],4.07E-04
VWF_[S],CACNA1A_[M],4.06E-04
TNN_[M],ACTN2_[S],4.05E-04
ZNF638_[M],OBSL1_[S],4.05E-04
ZNF267_[M],EPHA7_[M],4.04E-04
NID1_[M],COL4A1_[M],4.03E-04
PDGFRA_[M],DSG2_[M],4.03E-04
HUWE1_[M],EPB41L3_[M],4.03E-04
UBASH3B_[M],SPTA1_[M],4.02E-04
HIVEP1_[M],CACNA1A_[M],4.02E-04
TTN_[M],TRIM55_[M],4.01E-04
LIG4_[S],ASPM_[M],4.00E-04
KIAA1211_[M],FLNA_[M],4.00E-04
OBSL1_[S],FLNC_[M],3.99E-04
KIT_[M],INPP5D_[M],3.99E-04
HERC2_[M],AKAP9_[M],3.96E-04
MYH2_[M],ACTN1_[S],3.95E-04
SATB2_[M],FOXG1_[M],3.92E-04
PRDM13_[M],KDM5B_[M],3.91E-04
TIAM1_[M],CD44_[M],3.90E-04
POTEKP_[R],DST_[N],3.88E-04
TPR_[M],PRKDC_[M],3.88E-04
NRXN3_[M],NLGN1_[M],3.88E-04
THOC2_[M],AKAP9_[M],3.87E-04
SPTA1_[S],PLEC_[M],3.87E-04
HERC2_[M],BIRC6_[M],3.87E-04
MED14_[M],FBXW7_[M],3.86E-04
FLNA_[M],FILIP1_[S],3.86E-04
AOX1_[M],ABCA1_[M],3.85E-04
UBE3A_[M],SACS_[M],3.85E-04
UBE3A_[M],HERC2_[M],3.84E-04
VCAN_[M],HAPLN1_[M],3.84E-04
HERC2_[M],EIF4G1_[M],3.84E-04
MTOR_[M],ILK_[M],3.82E-04
DMD_[M],DISC1_[M],3.81E-04
VCAN_[M],SELP_[M],3.81E-04
EPRS_[M],CLTCL1_[M],3.80E-04
USP25_[M],FLNC_[M],3.80E-04
PDGFRA_[M],ITGB3_[M],3.78E-04
XIRP2_[M],NEBL_[M],3.78E-04
NEDD4_[M],DMD_[M],3.78E-04
L1CAM_[M],CNTN2_[S],3.77E-04
HDLBP_[M],DHX9_[S],3.77E-04
HNRNPU_[M],EP300_[M],3.76E-04
ERBB4_[M],DLG2_[M],3.75E-04
FLNC_[M],FLNB_[M],3.75E-04
ZEB1_[M],UBR4_[M],3.75E-04
ZBTB33_[N],CTNND2_[M],3.74E-04
MAPK8IP1_[M],LRP8_[M],3.74E-04
TIAM1_[M],ANK3_[M],3.74E-04
SPTBN4_[M],PTPRN2_[M],3.74E-04
RYR3_[M],RYR2_[N],3.74E-04
LRP1_[M],ANKS1B_[M],3.73E-04
ZNF483_[M],KIAA0368_[M],3.73E-04
NUP214_[M],HDAC9_[S],3.72E-04
ZIC1_[M],GLI3_[M],3.72E-04
SYNPO2_[M],ACTN2_[M],3.71E-04
KLHL7_[M],BOD1L1_[M],3.71E-04
THOC2_[M],KIF1C_[M],3.70E-04
USP9X_[M],UBXN1_[M],3.69E-04
MYH13_[M],BIRC6_[M],3.69E-04
PSME4_[M],NUTM1_[M],3.67E-04
MYH3_[M],ACTN2_[M],3.67E-04
MYH8_[M],ACTN2_[S],3.67E-04
SPTBN1_[M],NTRK1_[M],3.67E-04
SYNE1_[M],NTRK1_[M],3.64E-04
KALRN_[M],DISC1_[M],3.64E-04
TNIK_[M],NEFM_[M],3.64E-04
USP7_[M],MYO3A_[M],3.64E-04
NID1_[M],LAMC1_[M],3.64E-04
PTPRB_[M],GHR_[M],3.63E-04
XIRP2_[S],NEB_[M],3.63E-04
UBR1_[M],ADAMTS12_[M],3.63E-04
PTPRD_[M],EGFR_[M],3.63E-04
COL9A1_[M],COL4A2_[M],3.62E-04
VCAM1_[M],PRKDC_[M],3.62E-04
PCDHA2_[M],DIDO1_[M],3.62E-04
NCOR1_[M],HDAC9_[M],3.60E-04
RIMS1_[M],MYH1_[M],3.60E-04
RIMS1_[M],MYH1_[S],3.60E-04
DSP_[M],CDH5_[M],3.59E-04
VPS13D_[M],MADD_[M],3.59E-04
NUP98_[M],ECT2_[M],3.58E-04
TRO_[M],ERBB4_[M],3.58E-04
HERC2_[M],BRCA1_[M],3.57E-04
LRRC7_[S],CTNND2_[M],3.56E-04
MEOX2_[M],ADAMTS12_[S],3.55E-04
TP63_[M],FLNC_[M],3.55E-04
CDH6_[S],CDH18_[M],3.54E-04
UBC_[M],CENPE_[M],3.54E-04
SPTAN1_[M],GRIA2_[M],3.53E-04
RPS6KA2_[M],FLNC_[M],3.53E-04
NID2_[M],COL4A1_[M],3.53E-04
PSMD3_[S],FLNC_[M],3.53E-04
PDIA4_[M],APOB_[M],3.52E-04
NPNT_[M],ITGA8_[M],3.52E-04
PTPRD_[M],PPFIA3_[M],3.52E-04
TRDN_[M],RYR1_[M],3.52E-04
FLNA_[M],DBN1_[M],3.52E-04
SLC4A3_[M],ANK1_[M],3.52E-04
NCOR1_[M],ERBB4_[M],3.50E-04
ITGA4_[M],CAD_[M],3.49E-04
VWF_[M],CACNA1A_[M],3.48E-04
YLPM1_[M],PPP1R3A_[N],3.48E-04
NCAN_[M],L1CAM_[M],3.48E-04
KANSL1_[M],FSD2_[M],3.47E-04
MYH11_[S],FLNA_[M],3.47E-04
VCAM1_[M],HEATR1_[M],3.47E-04
PXDNL_[M],CUL3_[M],3.46E-04
KMT2D_[M],HERC2_[M],3.45E-04
SYNE1_[M],DISC1_[M],3.45E-04
OBSL1_[S],GCN1L1_[M],3.44E-04
DMD_[M],APP_[M],3.44E-04
SHPRH_[M],FBXW7_[N],3.44E-04
UTRN_[M],DTNA_[M],3.43E-04
KIAA0368_[M],KDM2B_[M],3.43E-04
MYO18A_[M],KIAA1211_[S],3.42E-04
FLNA_[M],ARRB1_[M],3.41E-04
CDC5L_[M],ATR_[M],3.41E-04
ZFC3H1_[M],MTUS2_[M],3.40E-04
POTEKP_[R],DST_[S],3.40E-04
FN1_[M],FLNC_[M],3.39E-04
ROBO2_[M],MYCBP2_[M],3.38E-04
KALRN_[M],GFI1B_[M],3.37E-04
KALRN_[M],CACNA1A_[M],3.37E-04
KALRN_[M],CACNA1A_[S],3.37E-04
NRXN2_[M],NLGN1_[M],3.36E-04
UBR5_[M],TUBG1_[M],3.36E-04
NCOA2_[M],HNF4A_[M],3.36E-04
DST_[M],CELSR3_[M],3.35E-04
TRIO_[S],NAV3_[M],3.35E-04
KIF21B_[M],COL4A5_[M],3.34E-04
MMRN1_[M],F5_[M],3.34E-04
MED12_[M],GLI3_[M],3.33E-04
UBC_[M],HERC2_[M],3.33E-04
PALLD_[S],FLNA_[M],3.33E-04
OBSL1_[M],FLNC_[M],3.33E-04
EGFR_[M],ATR_[M],3.32E-04
TNIK_[M],ANK2_[M],3.31E-04
HSPA12A_[M],CDC5L_[M],3.29E-04
UBR5_[M],FOXG1_[S],3.29E-04
RANBP6_[M],PDE3A_[M],3.29E-04
NES_[S],LAMA1_[M],3.29E-04
VCAN_[M],FBN1_[M],3.28E-04
SYNE1_[M],OBSL1_[S],3.27E-04
UBC_[M],MIB1_[M],3.26E-04
IKBKB_[M],FLNC_[M],3.26E-04
EPRS_[M],CAD_[M],3.26E-04
RELA_[M],EP300_[S],3.26E-04
SMAD4_[M],PAPPA2_[M],3.25E-04
NINL_[M],CEP350_[M],3.25E-04
UNC5C_[M],NTRK1_[M],3.25E-04
GRB2_[M],ERBB4_[M],3.25E-04
GDA_[M],AP1G1_[M],3.25E-04
DPYSL3_[M],DISC1_[M],3.23E-04
NINL_[M],DLG5_[M],3.23E-04
SLC5A7_[M],NEDD4_[M],3.23E-04
PDGFRA_[S],DSG2_[M],3.22E-04
NRXN1_[M],NLGN3_[M],3.22E-04
SPTBN4_[M],PTPRN_[M],3.21E-04
HERC2_[M],COPB2_[M],3.21E-04
SCN3A_[S],LRP2_[M],3.21E-04
VPS13B_[M],SPACA1_[M],3.21E-04
NIN_[M],MYH13_[M],3.20E-04
KLHL1_[M],CACNA1A_[S],3.20E-04
SNX7_[M],ASPM_[M],3.17E-04
RYR2_[M],AKAP6_[S],3.17E-04
TP63_[M],ASPM_[M],3.17E-04
VCAM1_[M],UBR4_[M],3.16E-04
PSAT1P1_[R],HUWE1_[M],3.16E-04
LRP2_[S],LPA_[M],3.15E-04
POPDC2_[N],ANK2_[M],3.15E-04
TRRAP_[M],BRINP1_[M],3.15E-04
FOXF1_[M],FLNC_[M],3.15E-04
RIMS1_[M],LRRK1_[M],3.14E-04
RIMS1_[M],LRRK1_[S],3.14E-04
LRP2_[M],DLG2_[M],3.14E-04
NCOR1_[M],DACH1_[M],3.13E-04
KEAP1_[M],EGFR_[M],3.13E-04
KEAP1_[M],EGFR_[S],3.13E-04
COL4A2_[M],COL4A1_[M],3.12E-04
ESR2_[M],CREBBP_[M],3.11E-04
LRRK2_[M],LIMA1_[M],3.11E-04
NCKAP5_[M],HECW2_[M],3.09E-04
YLPM1_[M],OBSL1_[S],3.09E-04
ZEB1_[M],CREBBP_[M],3.08E-04
MYH13_[M],LYST_[M],3.08E-04
NRXN1_[M],MYO16_[S],3.08E-04
SFRP4_[M],LRP1B_[M],3.08E-04
NOS1_[M],DMD_[M],3.06E-04
ESR1_[M],AHNAK_[M],3.06E-04
HERC2_[S],ASPM_[M],3.05E-04
PLEKHG1_[M],MYH13_[M],3.05E-04
STK36_[M],GLI3_[M],3.04E-04
SPTB_[M],SPTA1_[N],3.04E-04
PCLO_[M],ERC2_[M],3.02E-04
SPTA1_[M],PLEC_[S],3.01E-04
TTI1_[M],SMG1_[M],3.01E-04
NTRK1_[M],ANK2_[S],3.01E-04
TTN_[M],NTRK1_[M],3.00E-04
TTN_[S],MYPN_[M],2.99E-04
USH1C_[M],CDH23_[M],2.99E-04
CUBN_[M],CBL_[M],2.99E-04
EGFR_[M],COG6_[M],2.99E-04
PLG_[M],LAMA3_[M],2.98E-04
LRRK2_[M],DYNC1H1_[M],2.98E-04
ERBB4_[M],CBL_[M],2.97E-04
SLC18A1_[M],APOB_[M],2.96E-04
NCOA6_[M],HNF4A_[M],2.96E-04
CPS1_[M],AGO2_[M],2.95E-04
UBXN1_[M],UBR4_[S],2.93E-04
UBXN1_[M],UBR4_[M],2.93E-04
SCN3A_[M],LRP1_[M],2.91E-04
IRS4_[M],EGFR_[M],2.91E-04
SPZ1_[M],HERC2_[M],2.91E-04
PCCA_[M],HUWE1_[S],2.90E-04
TRPC3_[M],ITPR1_[M],2.90E-04
LRP6_[M],APOB_[M],2.90E-04
CENPJ_[M],ALMS1_[M],2.89E-04
KIAA1549_[M],DST_[M],2.89E-04
FAM83B_[M],APC_[M],2.88E-04
HTT_[M],CREBBP_[M],2.88E-04
CEP128_[M],ALMS1_[M],2.88E-04
PPP2R5C_[M],EP300_[S],2.88E-04
RELA_[M],MUC3A_[M],2.87E-04
OBSCN_[M],ANK1_[M],2.87E-04
UBC_[M],HUWE1_[M],2.87E-04
ZMIZ1_[M],CNTNAP2_[M],2.87E-04
UBC_[M],FAT1_[M],2.86E-04
PPM1B_[M],HERC2_[M],2.86E-04
LRRK2_[M],HERC2_[M],2.86E-04
LAMA1_[M],ITGA2_[M],2.85E-04
RIMS1_[M],BSN_[S],2.85E-04
RYR2_[M],AKAP6_[SS],2.85E-04
RYR2_[S],RYR1_[S],2.84E-04
EGFR_[M],CANX_[M],2.84E-04
OBSL1_[S],HERC2_[M],2.83E-04
ZFHX4_[M],FOXL1_[M],2.83E-04
SETD1A_[M],CREBBP_[M],2.82E-04
HECW2_[M],HECW1_[M],2.82E-04
VARS_[M],AHNAK_[M],2.81E-04
OBSL1_[S],FLNA_[M],2.81E-04
TNIK_[M],DST_[M],2.81E-04
TTN_[M],NTRK1_[S],2.81E-04
FN1_[M],COL7A1_[M],2.81E-04
SKIL_[M],GOLGB1_[M],2.81E-04
SCN3A_[M],LRP2_[S],2.81E-04
CNTNAP2_[M],CASK_[M],2.80E-04
UBR1_[M],LAMA4_[M],2.80E-04
ZBTB20_[M],CHD7_[M],2.79E-04
TRRAP_[M],MED23_[M],2.79E-04
EGFR_[M],COG5_[M],2.79E-04
TNK2_[M],EGFR_[M],2.78E-04
RANBP2_[M],PRKDC_[M],2.78E-04
GPR18_[M],FLG_[M],2.77E-04
TRPC6_[M],ITPR3_[M],2.76E-04
THBS1_[M],COL1A1_[M],2.76E-04
GRB10_[M],EGFR_[M],2.75E-04
KDM5B_[M],ARID1B_[M],2.73E-04
NCOR1_[M],BPTF_[M],2.73E-04
PTCH1_[M],ITGA8_[M],2.70E-04
TRRAP_[M],OBSL1_[M],2.70E-04
MATN2_[M],FBN2_[M],2.70E-04
FLNA_[M],ESR1_[M],2.70E-04
RYR3_[M],CUL1_[M],2.68E-04
USP7_[M],HECW1_[M],2.68E-04
ITGA4_[M],ANKRD17_[M],2.67E-04
IQGAP1_[M],CLTC_[M],2.67E-04
NRCAM_[M],MACF1_[M],2.66E-04
SIPA1L1_[M],IQGAP1_[M],2.66E-04
APOB_[M],ANLN_[M],2.64E-04
FLNA_[M],DYNC1H1_[M],2.64E-04
LAMA2_[M],DAG1_[M],2.64E-04
NOS2_[S],FAT1_[M],2.64E-04
SUCO_[M],LAMA1_[M],2.63E-04
HERC2_[M],HERC1_[M],2.63E-04
ITPR2_[M],HERC2_[M],2.62E-04
LCP1_[M],HERC2_[M],2.61E-04
SPTA1_[S],ANK1_[M],2.61E-04
UTRN_[M],TTK_[M],2.61E-04
FER_[S],DNM1_[M],2.60E-04
IQGAP1_[M],ASCC3_[M],2.60E-04
RYR2_[M],PRKACA_[M],2.60E-04
KCNB2_[M],KCNB1_[S],2.59E-04
DMD_[M],ACTA1_[M],2.59E-04
SYNE1_[S],DISC1_[M],2.59E-04
RYR2_[M],CACNA1C_[N],2.58E-04
RYR2_[S],CACNA1C_[S],2.58E-04
FLNB_[M],AHNAK_[M],2.58E-04
YLPM1_[M],CACNA1A_[M],2.58E-04
USP9X_[M],HUWE1_[M],2.58E-04
TRIM29_[M],SYNE1_[M],2.57E-04
PRSS1_[M],HUWE1_[M],2.57E-04
PLEC_[M],ITGA4_[M],2.57E-04
VWF_[M],COL1A1_[M],2.57E-04
TNIK_[M],SRGAP3_[M],2.56E-04
GOLGB1_[M],GAK_[N],2.56E-04
SMAD4_[M],CREBBP_[M],2.55E-04
NINL_[M],NCOR1_[M],2.55E-04
TENM3_[M],SMAD4_[M],2.54E-04
TRRAP_[S],CUL1_[M],2.54E-04
KALRN_[M],DICER1_[M],2.54E-04
PAX6_[S],APOB_[M],2.54E-04
PAX6_[M],APOB_[M],2.54E-04
UBR5_[M],BARD1_[M],2.53E-04
ZHX1_[M],ATXN1_[M],2.53E-04
SMC2_[M],EGFR_[M],2.53E-04
WDR3_[M],OBSL1_[S],2.53E-04
LRP1B_[M],CUL4B_[S],2.53E-04
HSPG2_[M],FBXO6_[S],2.52E-04
PRSS23_[M],LRP2_[M],2.52E-04
PTPRB_[M],NRCAM_[M],2.52E-04
USP19_[M],HERC2_[M],2.51E-04
SHANK2_[S],DLGAP1_[M],2.51E-04
SSPO_[M],ATN1_[M],2.51E-04
HUWE1_[M],CPT1A_[M],2.50E-04
RYR3_[SS],RYR2_[M],2.49E-04
SEC16A_[M],CAD_[M],2.49E-04
TTN_[M],MYBPC3_[M],2.49E-04
LRP2_[M],ATN1_[M],2.48E-04
XIRP2_[M],RAD21_[M],2.47E-04
HDAC6_[M],ERBB4_[M],2.45E-04
UBC_[M],MUC5B_[M],2.43E-04
TTN_[S],RAPGEF2_[M],2.43E-04
TTN_[M],TRIM55_[S],2.43E-04
UBR4_[M],LARS_[M],2.42E-04
UMPS_[M],EGFR_[M],2.42E-04
PRPF8_[M],NOTCH1_[M],2.40E-04
HUWE1_[M],CRY2_[M],2.40E-04
CEP192_[M],ALMS1_[M],2.39E-04
NCOR1_[M],BAZ1A_[M],2.39E-04
RAPGEF2_[M],HMCN1_[M],2.39E-04
SPTBN1_[M],FLNA_[M],2.37E-04
TRRAP_[M],EP400_[S],2.35E-04
PRPF40A_[M],NCKAP1L_[M],2.34E-04
RGAG1_[M],HECW2_[M],2.32E-04
SYNE2_[M],ACTC1_[M],2.32E-04
TTN_[M],RNF2_[M],2.32E-04
RAD21_[M],MUC16_[M],2.31E-04
LIMA1_[M],DST_[M],2.31E-04
ZFPM2_[M],ITSN1_[M],2.30E-04
NACA_[M],HUWE1_[M],2.30E-04
NIN_[M],HERC2_[M],2.29E-04
ITSN2_[M],GOLGB1_[M],2.29E-04
UBR4_[M],CST9_[M],2.29E-04
EGFR_[M],DOPEY2_[M],2.28E-04
ASPM_[M],ANO3_[S],2.28E-04
ASPM_[M],ANO3_[M],2.28E-04
HERC2_[S],EPHA7_[M],2.28E-04
XIST_[R],BRCA1_[M],2.28E-04
UBE3A_[M],MYCBP2_[M],2.27E-04
LRP2_[M],DAB1_[M],2.27E-04
NRXN1_[S],NLGN1_[M],2.27E-04
PDE4DIP_[M],ANKRD11_[S],2.27E-04
DMD_[M],CTNNA1_[S],2.26E-04
CASP9_[M],BIRC6_[M],2.26E-04
NEB_[M],ACTG2_[M],2.26E-04
PTCH1_[M],EGFR_[M],2.24E-04
OBSL1_[S],MGA_[M],2.24E-04
HECW1_[S],CACNA1A_[M],2.24E-04
TRRAP_[S],MED23_[M],2.23E-04
TTN_[S],SPEN_[M],2.23E-04
MEGF8_[M],CACNA1A_[S],2.23E-04
FOXL1_[M],DYNC1H1_[M],2.22E-04
HUWE1_[M],CUL4B_[M],2.22E-04
TRERF1_[M],CREBBP_[M],2.21E-04
SMG1_[M],HTR6_[M],2.21E-04
HERC2_[M],FAM63A_[S],2.20E-04
MTTP_[M],APOB_[S],2.20E-04
RYR2_[M],PRKACG_[S],2.20E-04
VAV2_[M],TTN_[M],2.20E-04
USH2A_[M],FOXRED2_[M],2.19E-04
VCAM1_[M],PLEC_[M],2.18E-04
TTN_[S],OBSCN_[S],2.18E-04
HERC2_[M],GTSE1_[M],2.17E-04
CEP135_[M],ALMS1_[M],2.16E-04
TRRAP_[M],MED13_[M],2.16E-04
ITGA4_[M],DYNC1H1_[M],2.16E-04
UBR4_[M],UBC_[M],2.15E-04
SPTA1_[N],PLEC_[M],2.15E-04
UBC_[M],MUC16_[M],2.15E-04
UBC_[M],MUC16_[S],2.15E-04
PCNX_[N],KDM5B_[M],2.15E-04
HERC2_[M],BICD1_[M],2.15E-04
RANBP2_[M],KIF5C_[M],2.15E-04
TRIM29_[M],SACS_[M],2.14E-04
HERC2_[S],COPB2_[M],2.14E-04
KDM5B_[M],CACNA1A_[M],2.13E-04
HUWE1_[S],AHNAK2_[M],2.12E-04
HDAC6_[M],FAT1_[M],2.11E-04
LRP2_[S],DLG4_[M],2.11E-04
TTN_[M],OBSCN_[N],2.10E-04
PLEC_[M],FN1_[M],2.10E-04
BTRC_[M],ALMS1_[M],2.10E-04
HERC2_[M],CTNNB1_[M],2.10E-04
MACF1_[M],HUWE1_[M],2.10E-04
FAT1_[M],CD96_[M],2.09E-04
EGFR_[M],APOB_[M],2.09E-04
RSPO1_[S],LRP1B_[M],2.09E-04
RSPO1_[S],LRP1B_[S],2.09E-04
UBR4_[M],STAT2_[S],2.09E-04
LAMA1_[M],HSPG2_[M],2.08E-04
SYNE1_[M],APC_[M],2.08E-04
NCOR1_[M],HTT_[M],2.07E-04
OBSL1_[S],MDN1_[M],2.06E-04
LRP2_[S],APBA2_[M],2.06E-04
SMC3_[M],HERC2_[M],2.06E-04
SPTA1_[M],CBL_[M],2.06E-04
TRIO_[S],FLNA_[M],2.05E-04
TP53BP1_[M],ATM_[M],2.05E-04
SFRP4_[S],LRP1B_[M],2.05E-04
SPEN_[M],RUNX1T1_[M],2.05E-04
OBSL1_[S],MACF1_[S],2.05E-04
ZFHX4_[M],FOXJ2_[M],2.05E-04
MTOR_[M],ASPM_[M],2.04E-04
HMCN1_[M],CLP1_[M],2.04E-04
SRRM2_[M],PLEC_[M],2.03E-04
LRP2_[S],ANKS1B_[M],2.03E-04
EGFR_[M],AHNAK_[M],2.03E-04
KCNH1_[M],KCNB1_[M],2.02E-04
SYNE1_[M],KIAA0368_[M],2.01E-04
UBR4_[M],SART3_[M],2.01E-04
EGFR_[M],ARHGAP32_[M],2.01E-04
PYCR2_[M],AHNAK2_[M],2.01E-04
PLEC_[M],MAP2_[M],2.00E-04
TRIM38_[M],ATXN1_[M],2.00E-04
RYR2_[M],PPP1CB_[M],1.99E-04
VPS13A_[M],EGFR_[M],1.99E-04
RAPGEF2_[M],HMCN1_[S],1.99E-04
TTN_[S],ALB_[M],1.97E-04
TTN_[M],FHL1_[M],1.97E-04
LRP2_[M],DAB2_[M],1.97E-04
MAP1B_[M],CACNA1A_[M],1.96E-04
HUWE1_[M],GIGYF2_[M],1.94E-04
SMC4_[M],PLEC_[S],1.94E-04
SMC4_[M],PLEC_[M],1.94E-04
NOS1_[S],DMD_[M],1.91E-04
OBSCN_[S],ANK1_[M],1.91E-04
PDZD2_[M],NRXN1_[S],1.90E-04
PDZD2_[S],NRXN1_[M],1.90E-04
MUC16_[M],MCM2_[M],1.90E-04
TTN_[M],CPSF6_[M],1.89E-04
TTN_[M],CUL3_[M],1.89E-04
PTPRK_[M],LRP1B_[S],1.89E-04
MAP1B_[M],LRRK2_[M],1.89E-04
TTN_[M],ANK1_[S],1.88E-04
KIAA0368_[M],ANK2_[M],1.88E-04
TAF1_[M],KMT2A_[M],1.88E-04
PHKA1_[M],HERC2_[M],1.87E-04
FAT4_[M],ATXN1_[M],1.87E-04
RYR3_[S],RYR2_[N],1.87E-04
APC_[M],ANKRD17_[M],1.86E-04
XIRP2_[N],FLNC_[M],1.85E-04
NUMA1_[M],DYNC1H1_[M],1.85E-04
RYR3_[M],CFTR_[S],1.84E-04
HERC2_[M],CEP104_[M],1.84E-04
NRXN1_[M],MACF1_[S],1.83E-04
SPECC1L_[M],HERC2_[M],1.81E-04
RAPGEF2_[M],PLEC_[M],1.80E-04
MACF1_[S],CNTNAP2_[M],1.80E-04
MYH9_[M],HUWE1_[M],1.80E-04
MYH9_[M],HUWE1_[S],1.80E-04
SYNE1_[M],CEP63_[M],1.80E-04
KMT2D_[N],CXXC1_[M],1.79E-04
TTN_[M],CUL4B_[S],1.77E-04
FLNA_[S],DYNC1H1_[M],1.76E-04
HSPG2_[M],CACNA1A_[M],1.76E-04
HSPG2_[M],CACNA1A_[S],1.76E-04
PLEC_[M],MYH9_[S],1.76E-04
HERC2_[M],ENPP1_[M],1.76E-04
HSPG2_[M],FN1_[M],1.75E-04
SPEN_[M],NCOR1_[M],1.74E-04
PCNT_[M],AKAP9_[M],1.74E-04
NEB_[M],KLHL40_[M],1.73E-04
RYR2_[S],CACNA1C_[N],1.72E-04
SPTA1_[M],GAN_[M],1.72E-04
HTT_[M],EGFR_[M],1.72E-04
GRIN2B_[M],ACTN2_[M],1.70E-04
TTN_[S],ANK1_[M],1.70E-04
TTN_[M],SRSF2_[M],1.69E-04
SPEN_[M],NOTCH2_[M],1.69E-04
DST_[M],COL17A1_[M],1.69E-04
PLEC_[S],FN1_[M],1.68E-04
DMD_[M],AHNAK_[S],1.68E-04
EGFR_[M],APOB_[S],1.67E-04
NSD1_[M],ATRX_[M],1.66E-04
ITSN2_[M],DST_[M],1.65E-04
SYNE1_[S],EZH2_[M],1.65E-04
PLEC_[S],LRRK2_[M],1.64E-04
PGR_[M],NCOR1_[M],1.63E-04
LRP1_[M],EGFR_[M],1.62E-04
TTN_[M],RAPGEF2_[S],1.62E-04
HERC2_[S],BIRC6_[M],1.61E-04
NEB_[M],CALM1_[M],1.61E-04
TNIK_[M],DST_[S],1.61E-04
RANBP2_[M],AKAP13_[M],1.60E-04
DST_[M],DISC1_[M],1.60E-04
IQGAP1_[M],DST_[M],1.59E-04
RYR2_[M],AKAP6_[N],1.58E-04
RYR2_[SS],RYR1_[M],1.58E-04
TTN_[M],ADRB2_[M],1.58E-04
MYH9_[M],DST_[M],1.57E-04
UBR5_[M],CEP250_[M],1.54E-04
HERC2_[M],ASPM_[S],1.53E-04
VCAM1_[M],MACF1_[M],1.51E-04
MACF1_[M],CNTNAP2_[S],1.50E-04
ITPR2_[M],HERC2_[S],1.50E-04
TTN_[S],TRIM55_[M],1.49E-04
MDN1_[M],FN1_[M],1.48E-04
MUC16_[M],MCM2_[S],1.48E-04
HUWE1_[M],AKAP9_[M],1.47E-04
MDN1_[S],LRRK2_[M],1.45E-04
MUC16_[S],CEP170P1_[R],1.45E-04
MACF1_[S],CNTNAP4_[M],1.41E-04
OBSCN_[S],C10orf12_[M],1.38E-04
NRXN2_[M],MACF1_[M],1.33E-04
NRXN2_[S],MACF1_[S],1.33E-04
SYNE1_[M],NTRK1_[S],1.33E-04
TTN_[S],NTRK1_[S],1.31E-04
MACF1_[S],HUWE1_[M],1.31E-04
TTN_[M],ACTN1_[M],1.30E-04
UBC_[S],MUC16_[S],1.29E-04
RYR2_[S],AKAP6_[N],1.27E-04
SYNE1_[S],SUN2_[M],1.26E-04
MACF1_[S],FN1_[M],1.25E-04
MACF1_[M],FN1_[M],1.25E-04
RYR3_[N],RYR2_[S],1.25E-04
NRXN1_[S],MACF1_[M],1.22E-04
TTN_[S],NTRK1_[M],1.22E-04
SYNE1_[S],OBSL1_[S],1.19E-04
TTN_[M],CUL3_[N],1.17E-04
PARK2_[M],GRIN2B_[S],1.16E-04
MACF1_[M],HECW2_[M],1.13E-04
TTN_[M],NBR1_[M],1.10E-04
TTN_[S],CPSF6_[M],1.08E-04
TTN_[M],MYBPC3_[S],1.01E-04
TTN_[N],MYPN_[M],9.97E-05
TTN_[M],ASF1B_[S],9.40E-05
TTN_[S],OBSCN_[N],9.35E-05
TTN_[M],SP1_[M],9.33E-05
TTN_[M],SQSTM1_[S],9.32E-05
TTN_[M],CUL4B_[M],9.30E-05
TTN_[M],MCM2_[S],9.27E-05
TTN_[M],ACTN1_[S],9.25E-05
TTN_[M],CUL2_[M],9.21E-05
TTN_[M],CUL7_[M],9.13E-05
TTN_[M],CUL3_[SS],9.01E-05
TTN_[N],OBSCN_[M],8.57E-05
MUC16_[S],MCM2_[M],8.43E-05
TTN_[M],MYPN_[S],8.16E-05
TTN_[M],MAPK1_[M],7.80E-05
TTN_[M],ANXA7_[M],7.51E-05
TTN_[M],SP1_[N],7.47E-05
TTN_[M],CEP57_[M],7.44E-05
TTN_[M],MCM2_[M],7.41E-05
TTN_[M],CALM1_[M],7.37E-05
TTN_[M],CUL7_[S],7.30E-05
TTN_[S],CUL3_[M],7.20E-05
TTN_[N],ALB_[M],6.57E-05
TTN_[M],EWSR1_[M],6.54E-05
TTN_[M],SP1_[S],6.53E-05
TTN_[S],TRIM55_[S],6.53E-05
TTN_[S],ADRB2_[M],6.50E-05
TTN_[S],RNF2_[M],6.49E-05
TTN_[M],SRPK2_[M],6.48E-05
TTN_[M],GAN_[M],5.86E-05
TTN_[M],CRYAB_[M],5.71E-05
TTN_[M],COPS5_[M],5.67E-05
TTN_[M],TRIM55_[N],5.60E-05
TTN_[N],TRIM55_[M],5.60E-05
TTN_[S],MCM2_[S],5.56E-05
TTN_[S],ANK1_[S],5.38E-05
TTN_[S],ANXA7_[M],4.70E-05
TTN_[S],SP1_[M],4.67E-05
TTN_[S],CEP57_[M],4.65E-05
TTN_[M],CAPN3_[M],4.65E-05
TTN_[S],MYBPC3_[M],4.61E-05
TTN_[M],ANK1_[SS],4.48E-05
TTN_[N],SPEN_[M],4.29E-05
TTN_[N],OBSCN_[S],3.90E-05
TTN_[M],TRIM63_[M],3.77E-05
TTN_[S],SRSF2_[M],3.77E-05
TTN_[S],ASF1B_[S],3.76E-05
TTN_[S],EWSR1_[M],3.74E-05
TTN_[S],TRIM55_[N],3.73E-05
TTN_[S],SQSTM1_[S],3.73E-05
TTN_[M],SQSTM1_[M],3.73E-05
TTN_[M],CAPN3_[S],3.72E-05
TTN_[S],CUL4B_[M],3.72E-05
TTN_[S],CUL4B_[S],3.72E-05
TTN_[M],ARRB1_[M],3.72E-05
TTN_[S],ARRB1_[M],3.72E-05
TTN_[S],NBR1_[M],3.67E-05
TTN_[S],CUL7_[S],3.65E-05
TTN_[S],CUL7_[M],3.65E-05
TTN_[N],ANK1_[M],3.58E-05
TTN_[M],DYRK2_[M],3.53E-05
TTN_[S],SPEN_[S],3.43E-05
