GENE_A,GENE_B,rescaled weight
SP4_[M],ADAM15_[M],4.41E-04
TET3_[M],LTN1_[M],1.05E-04
MEN1_[M],CXXC1_[M],3.28E-04
SSRP1_[M],IFI16_[M],3.52E-04
PIK3CD_[S],CRK_[S],4.40E-04
SSRP1_[M],CNTROB_[S],3.07E-04
NUP98_[M],EP300_[M],1.20E-04
SPTBN1_[M],SMAD4_[M],1.16E-04
UGGT1_[M],TUBGCP3_[M],1.37E-04
LRP1_[M],A2M_[S],2.03E-04
USP28_[M],RCHY1_[M],2.14E-04
MYH9_[M],ASCC2_[M],1.94E-04
SIRT1_[M],HDAC4_[M],2.30E-04
PPP1R3A_[M],CDCA2_[S],2.46E-04
RASSF9_[M],PPP1R13B_[M],1.88E-04
CEP170_[S],CCAR2_[S],1.71E-04
CEP170_[S],CCAR2_[M],1.71E-04
TSG101_[M],ROCK1_[S],1.77E-04
KAT6A_[M],HSPA4_[M],1.43E-04
BAG6_[M],ASCC2_[M],3.03E-04
ZC3H4_[M],FLNB_[M],2.57E-04
SMARCA4_[M],BAZ1B_[M],3.48E-04
NIN_[M],HERC2_[S],1.83E-04
NIN_[M],HERC2_[M],4.58E-04
TTN_[N],ANK1_[M],1.78E-05
NCOA2_[S],CAD_[M],2.55E-04
NCOA2_[S],CAD_[S],1.27E-04
RNF31_[M],DDX58_[M],3.76E-04
HDAC5_[M],HCFC1_[M],1.60E-04
LRRC7_[M],CTNND2_[M],1.91E-04
TP53BP1_[M],EP300_[M],1.26E-04
KIF11_[M],CEP350_[M],1.09E-04
HSPA12A_[M],EPB41L3_[M],3.84E-04
NCOR2_[M],HDAC4_[M],3.43E-04
TTN_[M],EWSR1_[M],1.22E-04
UBR5_[M],DDB1_[M],2.03E-04
POLR2A_[M],NFKB1_[M],5.74E-04
PARK2_[M],CUL1_[M],8.28E-04
SUPT5H_[M],POLR2A_[M],2.87E-04
VCAM1_[M],BAG6_[M],2.90E-04
MYH9_[M],LUZP1_[M],1.22E-04
RYK_[M],CELSR2_[M],4.45E-04
TP53BP1_[M],MDC1_[M],1.44E-04
SGTA_[M],AHCYL1_[M],3.15E-04
VDR_[M],CFH_[M],2.25E-04
EP300_[M],DDX24_[M],1.32E-04
MECOM_[M],CREBBP_[M],1.38E-04
SREK1_[M],DGKD_[M],2.29E-04
OLA1_[M],HSPA4_[M],4.33E-04
TRRAP_[M],ING1_[M],1.29E-04
MAGI1_[M],LRP2_[M],9.90E-05
ROCK1_[S],HGS_[M],1.61E-04
STRAP_[M],HSF1_[S],4.99E-04
CLTC_[M],ATP6V0A1_[M],3.36E-04
CRK_[S],ABL1_[M],2.07E-04
TP53BP1_[M],CDC23_[M],2.11E-04
SOX30_[M],AHCYL1_[M],5.49E-04
SGTA_[S],BAG6_[M],6.51E-04
HCK_[M],CREBBP_[M],1.54E-04
VCAM1_[M],STON2_[M],3.30E-04
GSN_[M],ACTN4_[M],5.25E-04
YARS_[M],VCAM1_[M],3.16E-04
SEC24C_[M],CLTC_[M],1.63E-04
USP19_[M],HERC2_[S],2.01E-04
NFKB1_[M],EP300_[M],3.01E-04
USP19_[M],HERC2_[M],5.03E-04
TRIOBP_[N],BAG6_[M],2.87E-04
PCBP2_[M],HUWE1_[M],1.25E-04
THRA_[M],NCOR2_[M],5.42E-04
KIAA0753_[M],KIAA0586_[M],1.53E-04
MEN1_[M],HCFC1_[M],3.32E-04
HDAC4_[M],CTNNB1_[M],2.36E-04
HCK_[M],BCAR1_[M],3.72E-04
MSH3_[M],FOXA1_[S],2.88E-04
MYH9_[M],GSN_[M],3.94E-04
XIRP2_[S],NEB_[M],6.09E-05
SMAD4_[M],NOTCH4_[M],1.29E-04
PARK2_[M],HNRNPH3_[M],4.60E-04
TBC1D9B_[S],AMPD2_[M],2.20E-04
TUBGCP3_[M],HECTD1_[M],2.30E-04
TXNRD1_[M],OLA1_[M],4.85E-04
VDR_[M],GRIP1_[M],2.00E-04
KIF13A_[M],BCAR1_[M],4.37E-04
SREBF2_[M],EP300_[M],1.35E-04
EP300_[M],CLTC_[S],1.15E-04
EP300_[M],CLTC_[M],2.31E-04
PRUNE2_[M],DYNC1H1_[M],2.23E-04
SSRP1_[M],POLR2A_[M],6.27E-04
HDAC5_[M],CAD_[S],1.83E-04
HDAC5_[M],CAD_[M],3.66E-04
USP15_[M],RNF20_[M],2.30E-04
PRKAA2_[M],MAP3K5_[M],1.38E-04
LIMD1_[M],CEP170_[S],1.10E-04
MYO5A_[M],GRIA1_[M],1.12E-04
POLR2A_[M],MDC1_[M],4.19E-04
UBR5_[M],JAK3_[S],1.91E-04
VCAM1_[M],FERMT3_[M],3.59E-04
MDC1_[M],ANAPC2_[M],3.92E-04
ZBTB48_[M],CDC23_[M],3.67E-04
RBM39_[M],MDC1_[M],1.99E-04
PRKDC_[M],E4F1_[M],1.24E-04
RNF20_[M],CDC73_[M],2.24E-04
ZMIZ2_[S],SMARCA4_[M],3.80E-04
PREX1_[M],MTOR_[M],3.92E-04
SIPA1L1_[M],MYO19_[M],5.05E-04
RCHY1_[M],PLAGL2_[S],1.92E-04
UGGT1_[M],CUL1_[M],2.92E-04
SAMM50_[S],RHOT2_[M],9.40E-04
RBM14_[M],GAK_[N],5.50E-04
HSPA4_[M],CARS_[M],2.66E-04
VCAM1_[M],MYH9_[M],1.89E-04
SMARCA4_[M],HSF1_[S],2.65E-04
WHSC1_[M],KIF11_[M],1.61E-04
GAREM_[S],CRK_[S],5.81E-04
VWA8_[M],CDC23_[M],5.82E-04
PPP1R3A_[M],PIH1D1_[S],7.17E-04
OBSCN_[M],ANK1_[M],9.29E-05
REV3L_[M],CACNA1A_[M],4.17E-04
RBM39_[M],RBM14_[M],3.76E-04
ZEB2_[S],HDAC4_[M],4.18E-04
ZMYND8_[M],CHD4_[M],2.53E-04
MYH9_[M],DST_[S],7.92E-05
MYH9_[M],DST_[M],7.92E-05
ZEB1_[M],SMARCA4_[M],1.85E-04
SERPINE1_[S],LRP1_[M],2.21E-04
STON2_[M],MYO18A_[M],3.78E-04
HERC2_[S],CEP170_[S],1.80E-04
EP300_[M],BAG6_[M],2.99E-04
HERC2_[S],CEP170_[M],9.02E-05
HK1_[M],ATF2_[M],2.53E-04
TRIOBP_[N],HECTD3_[M],1.46E-04
EP300_[M],CREBBP_[M],1.96E-04
MYH9_[M],MYH10_[M],1.32E-04
EP300_[M],CREBBP_[S],9.81E-05
PTPRF_[M],CTNNB1_[M],1.74E-04
RYR3_[N],CUL1_[M],1.07E-04
MYOF_[M],BAG6_[M],1.90E-04
VARS_[M],KNTC1_[M],1.77E-04
SGTA_[M],HSPA4_[M],2.80E-04
PDCD11_[M],IFI16_[M],2.15E-04
KBTBD7_[M],FOXA1_[S],2.63E-04
TP53BP2_[M],EP300_[M],1.40E-04
NGEF_[M],EPHA4_[M],2.09E-04
UBR5_[M],CAD_[S],3.42E-04
UBR5_[M],CAD_[M],6.83E-04
VCAM1_[M],FLNB_[M],1.59E-04
ZFHX3_[M],TRIM25_[M],1.84E-04
KIF20A_[M],HERC2_[M],2.70E-04
KIF20A_[M],HERC2_[S],1.08E-04
PRRC2B_[M],EIF3F_[M],3.25E-04
PLEKHG3_[M],MYO18A_[M],3.34E-04
THRA_[M],GPS2_[M],0.002297677
HDAC4_[M],ATF2_[M],2.28E-04
PLOD3_[M],DYNC1H1_[M],1.74E-04
HGS_[M],CSTF2T_[M],4.24E-04
STAMBPL1_[M],GAK_[N],3.01E-04
TRRAP_[M],SREBF2_[M],1.12E-04
VCAM1_[M],IPO5_[M],2.70E-04
YARS_[M],ITGA4_[M],2.69E-04
MYO18A_[M],DSG2_[M],1.49E-04
PTPRK_[M],PLXNA1_[M],2.92E-04
TP53BP1_[M],NFKB1_[M],1.99E-04
PARK2_[M],HK1_[M],7.58E-04
ILF2_[SS],DHX30_[M],3.49E-04
RNF20_[M],MED23_[M],2.18E-04
TRRAP_[M],MED13_[S],8.64E-05
MAP2K4_[M],FLNC_[S],1.54E-04
MAP2K4_[M],FLNC_[M],1.54E-04
TRRAP_[M],MED13_[M],8.64E-05
EPB41L3_[M],ACIN1_[M],4.15E-04
SUPT5H_[M],SETX_[M],2.03E-04
TRIM8_[S],TRIM25_[M],2.34E-04
ING1_[M],EP300_[M],1.61E-04
ENTHD2_[M],AP4E1_[M],2.21E-04
TSG101_[M],ACTN4_[M],2.95E-04
PTPRK_[M],LAMB2_[M],1.94E-04
SREK1_[M],CUL1_[M],7.28E-04
HDAC4_[M],BCOR_[S],1.96E-04
CLTC_[S],CLTCL1_[M],1.51E-04
MYO19_[M],MYO18A_[M],3.43E-04
SCYL1_[M],CDC25A_[M],3.11E-04
TP53BP1_[M],ANAPC2_[M],2.23E-04
NCOA2_[S],ANKRD11_[S],1.13E-04
SGTA_[S],SERPINE1_[S],3.62E-04
MYO18A_[M],GSN_[M],3.90E-04
STX11_[S],RUNX1T1_[S],2.17E-04
RCHY1_[M],MSH3_[M],2.28E-04
MYO6_[M],MYO19_[M],2.07E-04
HGS_[M],CLTC_[M],1.86E-04
NCOR2_[M],CREBBP_[M],2.07E-04
NCOR2_[M],CREBBP_[S],1.03E-04
UGGT1_[M],LTN1_[M],1.09E-04
ZNF516_[S],MED23_[M],1.50E-04
PCBP2_[M],KAT2A_[M],9.08E-04
RYK_[M],CTNNB1_[M],2.99E-04
KIAA0753_[M],CEP350_[M],2.18E-04
TRIM25_[M],PFKM_[M],2.27E-04
RYK_[M],CNNM2_[M],2.13E-04
SMARCA4_[M],CHD4_[M],1.68E-04
SBF1_[M],KMT2A_[M],9.23E-05
NOTCH2_[M],ITIH5_[M],2.21E-04
YARS_[M],DDB1_[M],2.58E-04
TRIM33_[S],SSRP1_[M],3.58E-04
POLR2A_[M],MYO6_[M],2.43E-04
STON2_[M],ITGA4_[M],2.79E-04
GRIP1_[M],CARM1_[M],2.34E-04
TNK2_[M],KDM3A_[M],3.18E-04
SVIL_[M],CLTC_[M],1.30E-04
CTNNB1_[M],ACTN4_[M],2.30E-04
ZNF572_[M],CADPS_[M],2.29E-04
ZNF572_[M],CADPS_[S],2.29E-04
SPTBN1_[M],MYH9_[M],2.50E-04
PRSS23_[M],NIPBL_[M],1.38E-04
NIPBL_[M],MED23_[M],1.28E-04
HPS5_[M],HERC2_[M],2.52E-04
HPS5_[M],HERC2_[S],1.01E-04
SALL2_[M],DDB1_[M],2.12E-04
ZNF281_[M],C2orf44_[M],2.30E-04
HERC1_[M],DFFA_[M],9.45E-05
FLNB_[M],AHNAK_[S],2.12E-04
FLNB_[M],AP1B1_[M],1.50E-04
STON2_[M],CLTC_[S],1.86E-04
STON2_[M],CLTC_[M],3.73E-04
SUPT6H_[M],RNF20_[M],1.91E-04
FLNB_[M],AHNAK_[M],1.42E-04
KMT2D_[M],CTNNB1_[M],8.64E-05
SSRP1_[M],CHD1_[N],2.16E-04
SSRP1_[M],CHD1_[S],2.16E-04
POLR2A_[M],EP300_[M],3.67E-04
PARK2_[M],MFN2_[M],3.44E-04
STON2_[M],ITSN1_[S],1.00E-04
YARS_[M],G3BP2_[M],2.46E-04
PDCD11_[M],BAG6_[M],3.90E-04
PLXNA1_[M],KDR_[M],2.69E-04
MYO19_[M],ITPR3_[M],1.44E-04
HERC1_[M],CLTC_[M],8.73E-05
PPP1R13B_[M],ERBB2_[M],2.10E-04
NIN_[M],CSPP1_[S],1.84E-04
PROC_[M],PROCR_[M],6.41E-04
KAT2A_[M],CTNNB1_[M],2.92E-04
EP300_[M],DDB1_[M],1.42E-04
FBXO42_[M],CUL1_[M],2.16E-04
RYK_[M],CYFIP1_[S],2.68E-04
TSTA3_[M],KDM3A_[M],3.20E-04
BAG6_[M],ACVR1B_[M],2.39E-04
TP63_[M],BAG6_[M],2.29E-04
BCAR1_[M],ARHGAP32_[M],1.50E-04
RBM39_[M],ACIN1_[M],2.69E-04
STRAP_[M],GH1_[M],7.49E-04
TRRAP_[M],KAT2A_[M],2.53E-04
HERC2_[M],AKAP9_[M],3.60E-04
TPR_[S],NUP107_[M],2.47E-04
ZAP70_[M],ABL1_[M],2.44E-04
VARS_[M],CACNA1A_[M],1.57E-04
WHSC1_[M],CCDC88C_[M],2.67E-04
NONO_[M],ATP6V0A1_[M],2.92E-04
FLNC_[M],DYNC1H1_[M],2.55E-04
PIK3C2B_[M],ITSN1_[S],1.21E-04
MYH9_[M],HDAC5_[M],1.79E-04
NUP205_[M],NUP107_[M],1.57E-04
SCYL1_[M],REST_[M],2.01E-04
HERC2_[S],CTNNB1_[M],1.05E-04
MYH9_[M],AHNAK_[S],2.28E-04
MYH9_[M],AHNAK_[M],1.52E-04
SMARCA4_[M],ING1_[M],2.42E-04
MYO18A_[M],MYH9_[M],2.65E-04
RHOT2_[M],PARK2_[M],8.93E-04
IFI16_[M],BAZ1B_[M],2.23E-04
TARBP1_[S],SREK1_[M],5.29E-04
SMARCA4_[M],NONO_[M],2.47E-04
PID1_[S],LRP1_[M],2.54E-04
HERC1_[S],DFFA_[M],1.89E-04
SMAD4_[M],CREBBP_[M],1.02E-04
SPTBN2_[M],MYO19_[M],1.68E-04
VAC14_[M],CRK_[S],5.73E-04
POLR2A_[M],EWSR1_[M],3.19E-04
INTS8_[M],INTS5_[M],5.05E-04
TSSK2_[M],SIPA1L1_[M],3.11E-04
LRP1_[M],CACNA1A_[M],3.44E-04
MYH9_[M],CREBBP_[S],1.09E-04
MYH9_[M],CREBBP_[M],2.19E-04
USP22_[N],CDC23_[M],2.39E-04
DNAJC13_[M],BSCL2_[M],3.18E-04
UTRN_[M],UBE3C_[M],2.28E-04
PTBP1_[M],PCBP2_[M],4.49E-04
KMT2A_[M],CTNNB1_[M],1.15E-04
ZSCAN26_[S],TRIO_[M],1.53E-04
SNX17_[M],LRP1_[M],2.36E-04
MED23_[M],EP300_[M],1.35E-04
MTOR_[M],GTF3C1_[M],3.82E-04
MON2_[M],ANKFY1_[M],9.67E-05
GAK_[N],AFAP1_[M],3.35E-04
PARK2_[M],HSDL2_[M],3.98E-04
SIPA1_[M],MYH9_[M],1.80E-04
HDAC4_[M],CAMK4_[M],2.83E-04
MYO5A_[M],HGS_[M],1.32E-04
CUL1_[M],AGL_[M],1.90E-04
PRKCQ_[M],CARD11_[M],5.23E-04
SREBF2_[M],GOLGB1_[M],1.22E-04
CDC23_[M],ANAPC2_[M],6.91E-04
SORL1_[S],CUL1_[M],2.86E-04
VAC14_[M],TP53BP1_[M],2.12E-04
NCOA2_[S],CREBBP_[M],1.04E-04
SEC24C_[M],AHCYL1_[M],2.35E-04
PARK2_[M],ESRRB_[M],8.66E-04
LRIF1_[M],DNAJC13_[M],1.78E-04
KIF13A_[M],HUWE1_[M],9.67E-05
THUMPD3_[M],CARS_[M],3.01E-04
TAOK1_[M],STK4_[M],1.07E-04
ENTHD2_[M],ASCC2_[M],3.94E-04
SMARCA4_[M],HIF1A_[S],2.15E-04
STON2_[M],ABL1_[M],2.29E-04
ROCK1_[S],MON2_[M],8.79E-05
RET_[M],BAG6_[M],2.11E-04
MYO18A_[M],DST_[S],7.89E-05
MYO18A_[M],DST_[M],7.89E-05
RBM14_[M],IFI16_[M],3.51E-04
SIPA1_[S],MYH9_[M],3.59E-04
PRKAR1B_[M],PRKAR1A_[M],3.58E-04
SALL2_[M],EWSR1_[M],2.63E-04
MYO19_[M],AFAP1_[M],3.46E-04
CLTC_[S],ATP6V0A1_[M],1.68E-04
TPR_[M],NUP107_[M],1.24E-04
SMARCA4_[M],MYO18A_[M],3.08E-04
RFC1_[M],NBN_[M],3.14E-04
KMT2A_[M],KAT6A_[M],8.77E-05
CACNA1A_[M],BZRAP1_[M],1.39E-04
SPTBN2_[M],MYO18A_[M],1.29E-04
PTPRF_[M],PFKM_[M],1.85E-04
TSG101_[M],TAX1BP1_[M],4.24E-04
PRKDC_[M],MDC1_[M],9.49E-05
ZNF592_[M],INTS5_[M],3.59E-04
MYH13_[M],HSF1_[S],2.46E-04
PYGB_[M],LIMD1_[M],1.29E-04
SVIL_[M],MYH13_[M],1.47E-04
MYO19_[M],AHNAK_[M],1.75E-04
MYO19_[M],AHNAK_[S],2.63E-04
HGS_[M],AHCYL1_[M],2.86E-04
POLR2A_[M],MEN1_[M],6.05E-04
EP300_[M],DTX1_[M],1.53E-04
HR_[M],HDAC5_[M],2.00E-04
THRA_[M],HR_[M],6.76E-04
STOML2_[M],PTBP1_[M],4.51E-04
SUPT6H_[M],PIH1D1_[S],2.59E-04
TPR_[S],NF2_[M],1.27E-04
NIN_[M],DYNC1H1_[M],2.88E-04
MDC1_[M],LMNA_[M],1.86E-04
MYO18A_[M],CLTC_[S],1.30E-04
MYO18A_[M],CLTC_[M],2.60E-04
TAX1BP1_[M],PARK2_[M],8.48E-04
KBTBD7_[M],GBF1_[M],1.80E-04
TP53BP1_[M],STRAP_[M],2.44E-04
FLNC_[M],FLNB_[SS],1.07E-04
REPIN1_[M],BCAN_[M],5.92E-04
TRIM25_[M],RNF31_[M],2.14E-04
HCFC1_[M],CXXC1_[M],1.69E-04
HERC1_[S],CLTC_[S],8.73E-05
HERC1_[S],CLTC_[M],1.75E-04
RYK_[M],FAT3_[M],1.85E-04
SUPT16H_[M],SREK1_[M],2.81E-04
EWSR1_[M],ATF7IP_[M],1.73E-04
VIL1_[M],PTPRO_[M],1.69E-04
HSPA4_[M],CLTC_[S],1.59E-04
HSPA4_[M],CLTC_[M],3.18E-04
SRCAP_[S],CARM1_[M],2.65E-04
PTPN4_[M],CRK_[S],1.41E-04
TNK2_[M],CLTC_[M],4.87E-04
TNK2_[M],CLTC_[S],2.44E-04
MED23_[M],MED13L_[M],1.54E-04
MYO18A_[M],COBL_[M],1.55E-04
HDAC5_[M],HDAC4_[M],2.37E-04
HERC2_[S],HERC1_[M],6.56E-05
HERC2_[S],HERC1_[S],1.31E-04
VDR_[M],POLR2A_[M],5.21E-04
LMNA_[M],CRK_[S],2.83E-04
MYH9_[M],KIF13B_[M],2.46E-04
CEP170_[S],CC2D1A_[M],3.84E-04
USP9X_[M],MTOR_[M],1.42E-04
UGGT1_[M],TP53BP1_[M],1.18E-04
RBM14_[M],CLTC_[M],3.78E-04
RBM14_[M],CLTC_[S],1.89E-04
PEX1_[M],HERC2_[S],2.03E-04
PEX1_[M],HERC2_[M],5.07E-04
ZC3H4_[M],FLNB_[SS],1.28E-04
RYK_[M],FREM2_[M],2.10E-04
TNK2_[M],SOCS4_[M],2.67E-04
ITGA4_[M],DYNC1H1_[M],1.62E-04
SOX5_[M],CDC23_[M],5.39E-04
CRK_[S],ATIC_[M],6.56E-04
MDC1_[M],CREBBP_[S],1.09E-04
TSTA3_[M],PTPRF_[M],4.40E-04
MDC1_[M],CREBBP_[M],2.18E-04
VDR_[M],MED13_[M],1.31E-04
GRIN2B_[M],EXOC3_[M],9.04E-05
MCM3AP_[M],CDC73_[M],1.79E-04
SH2D3A_[S],ERBB2_[M],2.92E-04
USP15_[M],JOSD1_[M],2.38E-04
GYS1_[M],CUL1_[M],3.01E-04
TUBGCP3_[M],EPPK1_[S],1.51E-04
FBXO5_[M],CDC23_[M],3.85E-04
SIPA1_[S],MYO19_[M],5.21E-04
ZEB1_[M],EP300_[M],1.33E-04
VDR_[M],MED13_[S],1.31E-04
TOE1_[M],PRCC_[S],4.45E-04
MYO5A_[M],MYO18A_[M],2.02E-04
PPP2R1B_[M],CLTC_[M],1.50E-04
MTOR_[M],EIF3F_[M],6.04E-04
FLNC_[S],DDB1_[M],1.46E-04
ZNF496_[M],SUPT5H_[M],2.21E-04
MACF1_[M],BAG6_[M],7.34E-05
TNK2_[M],EP300_[M],4.24E-04
MYO6_[M],GAK_[N],1.99E-04
SNRNP200_[M],FERMT3_[M],2.07E-04
HUWE1_[M],HSPA4_[M],1.02E-04
ITGA4_[M],IPO5_[M],2.35E-04
MYO18A_[M],FLNB_[M],2.34E-04
CRK_[S],ARHGAP32_[M],1.43E-04
TRIM33_[M],SSRP1_[M],1.79E-04
GOLGB1_[M],CCDC93_[M],1.11E-04
USP28_[M],ESPL1_[S],1.77E-04
USP28_[M],ESPL1_[M],1.77E-04
EP300_[M],EGR1_[M],2.36E-04
EIF3F_[M],DTX1_[M],4.25E-04
HDAC5_[M],GPS2_[M],5.95E-04
TPR_[S],DDB1_[M],1.41E-04
USP34_[N],SNRNP200_[M],1.08E-04
IARS_[M],CAD_[M],3.36E-04
IARS_[M],CAD_[S],1.68E-04
MYO19_[M],CLTCL1_[M],4.18E-04
RPS6KA2_[M],FLNC_[M],2.66E-04
RPS6KA2_[M],FLNC_[S],2.66E-04
MYO18A_[M],LUZP1_[M],1.21E-04
TSG101_[M],AKAP9_[M],1.40E-04
SGTA_[S],HK1_[M],6.59E-04
RAG1_[M],MDC1_[M],1.41E-04
MIER1_[M],CREBBP_[M],1.28E-04
PPFIA4_[M],NCOA2_[S],1.35E-04
PRKAR1A_[M],ANKRD26_[M],2.95E-04
QRICH2_[M],NUP98_[M],1.62E-04
GPS2_[M],EP300_[M],5.47E-04
NUP98_[M],NUP107_[M],1.48E-04
TP53BP1_[M],PELO_[M],1.87E-04
MYH9_[M],ACTN4_[M],3.21E-04
STX11_[S],CCBE1_[M],2.45E-04
NELL1_[M],CACNA1A_[M],1.75E-04
GRIP1_[M],CREBBP_[M],1.25E-04
SEC24C_[M],NOTCH2_[M],1.26E-04
ZMIZ2_[S],SALL2_[M],3.97E-04
SPTA1_[S],PTPRO_[M],1.50E-04
PIH1D1_[S],KMT2A_[M],2.69E-04
ZBTB48_[M],EP300_[M],1.68E-04
ZBTB20_[M],MYO19_[M],5.87E-04
CUL1_[M],CLTC_[S],1.85E-04
CUL1_[M],CLTC_[M],3.70E-04
RABEP1_[M],HERC2_[S],9.66E-05
RABEP1_[M],HERC2_[M],2.42E-04
STON2_[M],MYH9_[M],3.82E-04
IL10_[S],A2M_[S],3.09E-04
SPEN_[M],NOTCH2_[M],1.69E-04
TRRAP_[M],EP400_[S],1.57E-04
TRRAP_[M],CUL1_[M],2.54E-04
FGFR2_[M],FGF23_[S],2.75E-04
PIH1D1_[S],IFT122_[M],0.001183665
CEP170_[S],CAMSAP1_[M],2.75E-04
RYK_[M],PTPRF_[M],3.75E-04
PPP1R3A_[M],PPP1R13B_[M],4.28E-04
EWSR1_[M],DFFA_[M],2.30E-04
POLR2A_[M],CDC73_[M],2.56E-04
FREM2_[M],CHST8_[M],1.08E-04
WHSC1_[M],MDC1_[M],2.65E-04
HECW1_[S],CACNA1A_[M],1.12E-04
NCOR2_[M],EP300_[M],2.21E-04
PBX1_[M],CREBBP_[M],1.15E-04
WDFY3_[M],BAG6_[M],2.21E-04
UHRF1BP1L_[M],FERMT3_[M],2.61E-04
TRIOBP_[N],MYH9_[M],2.27E-04
TJP2_[M],MYO19_[M],2.31E-04
PIK3CD_[S],ASCC2_[M],2.50E-04
RORA_[M],EP300_[M],9.79E-05
RNF14_[M],PNPLA7_[M],2.27E-04
MYO5A_[M],MYH9_[M],2.03E-04
TNK2_[M],HECW1_[S],2.13E-04
THRA_[M],AKAP13_[M],5.71E-04
MYH9_[M],CLTC_[M],2.62E-04
MYH9_[M],CLTC_[S],1.31E-04
PITX2_[M],AHCYL1_[M],5.42E-04
REPIN1_[M],HGS_[M],3.19E-04
CTNNB1_[M],APC2_[M],1.44E-04
CHD4_[M],BCL11B_[M],1.42E-04
TFIP11_[M],KANSL1_[M],2.50E-04
USP28_[M],USP15_[M],2.12E-04
PRKDC_[M],NUP107_[M],1.00E-04
MYO19_[M],FLNB_[M],2.96E-04
HERC2_[M],COPB2_[M],2.67E-04
NFKB1_[M],IRF9_[S],3.62E-04
SYNE1_[M],NUP107_[M],4.09E-04
PLS1_[M],MYH9_[M],1.78E-04
GAK_[N],CLTCL1_[M],4.02E-04
MYH8_[M],MYH13_[M],1.66E-04
PREX1_[M],ITSN1_[S],8.46E-05
CREBBP_[M],ANAPC2_[M],2.98E-04
TNKS1BP1_[M],SPTBN1_[M],1.40E-04
TP53BP1_[M],HDAC4_[M],1.96E-04
ITPR3_[M],ITPR1_[M],9.94E-05
STON2_[M],MYO19_[M],5.69E-04
SYNE1_[S],NUP107_[M],5.85E-05
SMARCA4_[M],KDM6A_[S],1.85E-04
SMARCA4_[M],KDM6A_[M],1.85E-04
PTPRF_[M],NID1_[M],1.47E-04
TRIOBP_[N],MYO18A_[M],2.26E-04
TLE1_[M],BTBD2_[M],3.06E-04
SMAD4_[M],NFKB1_[M],1.60E-04
TRIO_[M],PTPRF_[M],2.12E-04
GPS2_[M],ANKRD11_[S],5.62E-04
GPS2_[M],ANKRD11_[M],2.81E-04
TRIM25_[M],DDX58_[M],5.95E-04
TP63_[M],FLNC_[S],1.42E-04
TP63_[M],FLNC_[M],1.42E-04
WNK1_[M],CLTC_[M],1.10E-04
SVIL_[M],ACTN4_[M],1.59E-04
USP28_[M],MDC1_[M],3.27E-04
PARK2_[M],MTOR_[M],7.00E-04
ZMYND8_[M],FHOD1_[M],3.21E-04
USP28_[M],TP53BP1_[M],1.82E-04
FLNC_[M],DDB1_[M],1.46E-04
CUL1_[M],CTNNB1_[M],2.94E-04
EPHA4_[M],EFNB3_[M],2.09E-04
MYH13_[M],KIAA0355_[M],3.15E-04
POLR2A_[M],DDB1_[M],2.67E-04
TLE3_[M],CREBBP_[M],1.19E-04
MYH9_[M],MARK4_[M],1.81E-04
TSSK6_[S],HSPA4_[M],6.36E-04
RYK_[M],DYNC1H1_[M],3.47E-04
STAMBP_[S],CLTC_[M],1.42E-04
IPO5_[M],HUWE1_[M],1.05E-04
STRAP_[M],EP300_[M],3.49E-04
OLA1_[M],HUWE1_[M],1.04E-04
DHX30_[M],CUL1_[M],5.61E-04
IPO5_[M],CLTC_[M],3.31E-04
IPO5_[M],CLTC_[S],1.65E-04
MYH13_[M],ITGB4_[M],1.68E-04
ZMYM1_[M],FHL5_[M],6.45E-04
SGTA_[S],PCDHA4_[M],5.28E-04
SGTA_[S],PCDHA4_[S],2.64E-04
MAML2_[M],EP300_[M],1.20E-04
PPFIA4_[M],AGTPBP1_[M],3.72E-04
MYO19_[M],FLNB_[SS],1.48E-04
TBC1D9B_[S],ADORA3_[M],2.83E-04
GTF3C1_[M],ASCC2_[M],2.04E-04
NUP98_[M],CDC73_[M],1.67E-04
ULK2_[S],SYNGAP1_[M],1.45E-04
PBX1_[M],KAT2A_[M],2.05E-04
STON2_[M],GAK_[N],5.39E-04
CLTC_[M],CAD_[S],2.66E-04
PRKDC_[M],KAT2A_[M],1.20E-04
CLTC_[M],CAD_[M],5.32E-04
ITGB4_[M],BAG6_[M],2.05E-04
TAX1BP1_[M],FHL5_[M],8.13E-04
HSPA4_[M],HSF1_[S],2.87E-04
RYK_[M],PCDH7_[M],2.14E-04
VCP_[M],ARHGEF2_[M],2.35E-04
WNK1_[M],PRKAR1B_[M],1.61E-04
TNKS1BP1_[M],DYNC1H1_[M],1.49E-04
PARP10_[M],GAK_[N],2.52E-04
SGTA_[M],BAG6_[M],3.25E-04
TNFRSF13B_[M],SGTA_[S],5.42E-04
WHSC1_[M],MYCBP2_[S],1.80E-04
WHSC1_[M],MYCBP2_[M],1.80E-04
HUWE1_[M],CLTC_[M],8.89E-05
PRKAA2_[M],DFFA_[M],1.30E-04
ROCK1_[S],CDC25A_[M],1.51E-04
PRSS23_[M],HSPA4_[M],2.26E-04
ZWINT_[M],LENG8_[M],3.41E-04
IFT140_[M],IFT122_[M],6.56E-04
SEC24C_[M],GAK_[N],2.23E-04
ROCK1_[S],PFN2_[M],1.70E-04
NPLOC4_[M],DR1_[M],3.30E-04
FBXO5_[M],ANAPC2_[M],4.28E-04
EP300_[M],CFH_[M],1.46E-04
KIF13A_[M],AP1B1_[M],2.05E-04
OLA1_[M],EWSR1_[M],2.83E-04
HSPA4_[M],DDIT4_[M],3.04E-04
PARK2_[M],LMNA_[M],4.07E-04
PIK3CA_[M],GSN_[M],1.70E-04
ZMYND8_[M],SMARCA4_[M],5.58E-04
LRP6_[M],CTNNB1_[M],1.45E-04
SSRP1_[M],NF2_[M],2.26E-04
MDC1_[M],CDC23_[M],3.73E-04
HSPA4_[M],HIF1A_[S],2.29E-04
NIN_[M],CC2D1A_[M],3.97E-04
SREK1_[M],DDX39B_[M],4.38E-04
TRIM25_[M],MEIS2_[M],1.89E-04
SETX_[M],POLR2A_[M],5.04E-04
TRRAP_[M],MED23_[M],1.12E-04
KEAP1_[M],FAM129B_[M],2.89E-04
TRIM25_[M],IGF1R_[M],1.14E-04
SNX17_[M],CEP170_[S],2.25E-04
MPDZ_[M],CRK_[S],1.72E-04
SYNE1_[M],IFI16_[M],2.29E-04
KMT2A_[M],EWSR1_[M],1.23E-04
MYO6_[M],MYH9_[M],1.53E-04
DYNC1H1_[M],BICD2_[M],1.58E-04
SVIL_[M],NIN_[M],1.42E-04
ANKRD26_[M],AMOT_[M],2.16E-04
KRTAP9-4_[M],DOCK2_[M],2.83E-04
MYO19_[M],LUZP1_[M],1.54E-04
VDR_[M],RUNX1T1_[S],1.66E-04
TLE1_[M],NOD2_[M],2.39E-04
IFT140_[M],CRK_[S],4.37E-04
ZAP70_[M],HSPA4_[M],5.51E-04
ERBB2_[M],BCAR1_[M],2.58E-04
MTOR_[M],CDC37_[M],2.92E-04
SREK1_[M],RBM39_[M],4.06E-04
USP19_[M],CDC37_[M],3.24E-04
NCOR2_[M],BCOR_[S],1.34E-04
PALLD_[M],CNTROB_[S],2.72E-04
SRCAP_[S],EP300_[M],1.87E-04
SMARCA4_[M],CAD_[M],6.32E-04
SMARCA4_[M],CAD_[S],3.16E-04
MEF2C_[M],EP300_[M],1.44E-04
KEAP1_[M],FERMT3_[M],3.67E-04
STRAP_[M],HDAC5_[M],3.62E-04
NFKB1_[M],HDAC4_[M],4.74E-04
USP28_[M],STAMBP_[S],1.83E-04
USP9X_[M],USP34_[N],8.42E-05
NCOA2_[S],EP300_[M],1.11E-04
PCBP2_[M],HDAC5_[M],4.03E-04
ERBB2_[M],CLTC_[M],1.63E-04
MYH9_[M],ACE_[S],3.42E-04
RPS6KA1_[M],CREBBP_[M],1.43E-04
MYO19_[M],DSG2_[M],2.02E-04
MYH9_[M],CDC73_[M],1.60E-04
MYH9_[M],CUL1_[M],3.79E-04
DYNC1H1_[M],CLIP1_[N],1.60E-04
LRP1_[M],CC2D1A_[M],4.33E-04
XIRP2_[S],NSMAF_[M],1.27E-04
NBN_[M],MTOR_[M],2.25E-04
KMT2D_[M],HERC2_[S],1.15E-04
KMT2D_[M],HERC2_[M],2.88E-04
AHNAK_[S],ACTN4_[M],2.53E-04
RET_[M],CRK_[S],2.10E-04
MYH9_[M],ITPR3_[M],1.15E-04
USP32_[M],BAG6_[M],4.45E-04
RYK_[M],EPHA4_[M],4.31E-04
SMARCA4_[M],EP400_[S],2.19E-04
SVIL_[M],SPTBN1_[M],1.24E-04
JOSD1_[M],EIF3F_[M],8.16E-04
ITPR1_[M],AHCYL1_[M],2.81E-04
HERC2_[S],COPB2_[M],1.07E-04
NIN_[M],AMOT_[M],1.45E-04
PRUNE2_[M],EWSR1_[M],1.31E-04
RYR3_[S],CUL1_[M],1.07E-04
RYR3_[M],CUL1_[M],3.22E-04
MYO18A_[M],ACTN4_[M],3.18E-04
KMT2D_[M],CXXC1_[M],8.95E-05
RBM14_[M],EP300_[M],3.22E-04
HUWE1_[M],EPB41L3_[M],1.03E-04
TP63_[M],N4BP2_[M],1.36E-04
PPP1R13B_[M],EP300_[M],2.75E-04
RHOT2_[M],MYO19_[M],6.07E-04
MTOR_[M],CLIP1_[N],2.29E-04
SMARCA4_[M],BRWD1_[M],1.29E-04
UGGT1_[M],SUSD2_[M],1.42E-04
SIPA1_[M],MYO19_[M],2.60E-04
ZMYND8_[M],CHERP_[M],3.15E-04
ZNF592_[M],MED23_[M],1.53E-04
CTNNB1_[M],BCL9_[M],2.00E-04
PRKAR1A_[M],MEN1_[M],2.97E-04
EP300_[M],ATF2_[M],1.45E-04
PALLD_[M],MYH9_[M],3.59E-04
SGTA_[M],CUL1_[M],3.71E-04
RFX3_[M],EWSR1_[M],1.67E-04
TAF5L_[M],KAT2A_[M],3.21E-04
TTN_[M],ANK1_[M],1.16E-04
USP22_[N],KAT2A_[M],2.40E-04
NIN_[M],CEP350_[M],2.00E-04
LMNA_[M],BAZ1B_[M],2.15E-04
RBM39_[M],CUL1_[M],3.60E-04
PUM1_[M],KIAA0753_[M],1.96E-04
USP19_[M],IARS_[M],2.17E-04
WHSC1_[M],CTNNB1_[M],1.77E-04
MED23_[M],CREBBP_[M],1.25E-04
ZEB1_[M],CREBBP_[M],1.23E-04
NF2_[M],HSPA4_[M],1.84E-04
IFI16_[M],CARM1_[M],3.23E-04
TAB1_[M],CARD11_[M],2.63E-04
VCAM1_[M],GCN1L1_[S],1.70E-04
CUL1_[M],CARM1_[M],6.26E-04
SMARCA4_[M],PELO_[M],4.11E-04
NBN_[M],EP300_[M],1.40E-04
SMARCA4_[M],PBX1_[M],1.66E-04
UTRN_[S],UBE3C_[M],1.14E-04
SSH2_[M],MYO18A_[M],3.55E-04
XPO4_[M],UTRN_[M],8.98E-05
IFI16_[M],ACIN1_[M],2.56E-04
YARS_[M],AHNAK_[M],1.82E-04
YARS_[M],AHNAK_[S],2.72E-04
HUWE1_[M],ACTN4_[M],1.02E-04
USP9X_[M],AHCYL1_[M],1.22E-04
PCBP2_[M],ITGA4_[M],3.65E-04
USP9X_[M],PRICKLE2_[M],9.66E-05
HECTD3_[M],BAG6_[M],2.69E-04
MYH9_[M],FLNB_[SS],1.18E-04
ZNF281_[M],KIF21B_[M],1.92E-04
PRRC2B_[M],CRK_[S],2.68E-04
NFKB1_[M],CARM1_[M],5.70E-04
NACC1_[S],MAP3K5_[M],2.07E-04
HERC2_[S],GNA13_[M],9.87E-05
PARP4_[M],CLTC_[M],1.51E-04
VDR_[M],NCOA2_[S],1.51E-04
MCM3AP_[M],FAM118B_[M],4.65E-04
MYH9_[M],MEN1_[M],3.75E-04
ITGA4_[M],CLTC_[M],1.67E-04
CEP170_[M],CAMSAP1_[M],1.38E-04
FOXO3_[M],EP300_[M],1.18E-04
TRIM33_[S],C17orf53_[M],1.81E-04
KMT2C_[S],KDM6A_[M],8.97E-05
SLC25A12_[M],PELO_[M],2.73E-04
SSRP1_[M],SEC24C_[M],2.73E-04
KMT2C_[S],KDM6A_[S],8.97E-05
USP15_[M],BAG6_[M],2.34E-04
SUPT16H_[M],SSRP1_[M],2.67E-04
WDR36_[S],G3BP2_[M],1.68E-04
TOPORS_[S],NONO_[M],2.94E-04
PIK3C2B_[M],CRK_[S],5.19E-04
NBN_[M],IPO5_[M],2.22E-04
PPFIBP2_[M],CRK_[S],5.38E-04
MAP3K5_[M],KMT2A_[M],1.06E-04
REV3L_[M],HDAC4_[M],6.06E-04
SPTA1_[M],PTPRO_[M],1.50E-04
KAT2A_[M],DR1_[M],8.41E-04
FLNC_[S],FLNB_[M],2.14E-04
USP19_[M],HSPA4_[M],4.26E-04
SPTBN1_[M],NF2_[M],1.38E-04
ROCK1_[S],MED23_[M],1.36E-04
PARK2_[M],ATP2B3_[M],2.83E-04
CDC37_[M],AHCYL1_[M],3.56E-04
EIF4G3_[M],EIF3F_[M],2.83E-04
CLTC_[S],CAD_[M],2.66E-04
CEP170_[S],CENPJ_[M],1.79E-04
CLTC_[S],CAD_[S],1.33E-04
TSG101_[M],PALLD_[M],3.66E-04
IPO5_[M],ATIC_[M],6.11E-04
WDR24_[M],HERC2_[S],3.31E-04
WDR24_[M],HERC2_[M],8.29E-04
DCLK1_[S],CEP170_[S],1.35E-04
LMNA_[M],HCFC1_[M],1.66E-04
NBAS_[M],NAPG_[M],2.77E-04
PPP1R3A_[M],MKI67_[M],1.17E-04
KIF21B_[M],BAG6_[M],2.14E-04
SSRP1_[M],SREK1_[M],7.62E-04
ROCK1_[S],FAM124A_[M],1.40E-04
ZNF281_[M],PRCC_[S],5.72E-04
DDB1_[M],CUL1_[M],2.64E-04
PIK3CA_[M],CRK_[S],1.54E-04
LTBP1_[M],CACNA1A_[M],1.36E-04
RNF20_[M],HTT_[M],1.15E-04
TP63_[M],NFKB1_[M],2.33E-04
SMARCA4_[M],CREBBP_[S],1.23E-04
PELI2_[M],FRYL_[M],1.14E-04
USP15_[M],FERMT3_[M],2.76E-04
SMARCA4_[M],CREBBP_[M],2.47E-04
PIK3R4_[S],MAP1LC3C_[M],3.23E-04
SREK1_[M],SH3GLB2_[M],5.27E-04
MTOR_[M],ABL1_[M],2.08E-04
PARK2_[M],HK2_[M],3.01E-04
TLE1_[M],PCDHA4_[M],2.19E-04
TXNRD1_[M],TRIM25_[M],4.18E-04
SMARCA4_[M],REST_[M],1.58E-04
ZFR_[M],THUMPD3_[M],2.30E-04
PARK2_[M],MYO6_[M],3.07E-04
SCN3A_[M],LRP1_[M],1.67E-04
SMARCA4_[M],ARID2_[M],1.43E-04
MYH9_[M],ITPR2_[M],1.06E-04
TRPS1_[M],TP53BP1_[M],2.54E-04
KBTBD7_[M],CCAR2_[M],2.09E-04
MYPN_[S],BAG6_[M],2.04E-04
KBTBD7_[M],CCAR2_[S],2.09E-04
RYK_[M],DSC3_[M],2.02E-04
SRCAP_[S],CREBBP_[M],1.77E-04
SRCAP_[S],CREBBP_[S],8.87E-05
HERC2_[M],BICD2_[M],2.50E-04
TP63_[M],CARM1_[M],2.43E-04
NFKB1_[M],CTNNB1_[M],2.69E-04
STK4_[M],ABL1_[M],1.65E-04
SPEN_[M],MED23_[M],1.15E-04
FZD4_[S],BAG6_[M],1.79E-04
KIAA0753_[M],CSPP1_[S],2.17E-04
TRRAP_[M],BRINP1_[S],1.26E-04
RYK_[M],PCDH9_[M],2.31E-04
VDR_[M],FOXO3_[M],1.66E-04
KMT2A_[M],CREBBP_[S],8.18E-05
KMT2A_[M],CREBBP_[M],1.64E-04
MYH9_[M],AFAP1_[M],2.66E-04
ALDOC_[M],ACTN4_[M],2.88E-04
REPIN1_[M],CDC23_[M],6.20E-04
ZSCAN26_[S],LRP4_[M],1.99E-04
MTMR3_[M],HERC2_[S],9.37E-05
MAGI1_[M],CTNNB1_[M],2.46E-04
MTMR3_[M],HERC2_[M],2.34E-04
RBM14_[M],HDAC5_[M],3.08E-04
RBM25_[M],RBM14_[M],2.05E-04
ING1_[M],CREBBP_[M],1.46E-04
TTN_[S],EWSR1_[M],4.67E-05
USP19_[M],HIF1A_[S],2.36E-04
PTPRB_[M],CNTN1_[S],1.72E-04
PLEKHG3_[M],MYH9_[M],3.36E-04
TRIM33_[S],SUPT16H_[M],1.54E-04
CREBBP_[S],CARM1_[M],1.42E-04
HUWE1_[M],CRK_[S],1.07E-04
TRPM1_[M],BCOR_[S],1.66E-04
SPTBN2_[M],MYH9_[M],1.30E-04
HDAC5_[M],ACTN4_[M],2.32E-04
PARK2_[M],AMOT_[M],2.61E-04
SVIL_[M],MYO18A_[M],1.32E-04
PRCC_[S],EWSR1_[M],4.20E-04
SSRP1_[M],ACIN1_[M],5.16E-04
LMNA_[M],ACE_[S],2.71E-04
MED23_[M],BAG6_[M],2.21E-04
ILF2_[SS],CUL1_[M],4.23E-04
SPTBN1_[M],MYO19_[M],3.19E-04
SPTBN1_[M],ANK1_[M],1.20E-04
SGTA_[M],HK1_[M],3.30E-04
NBN_[M],HSPA4_[M],2.11E-04
FASN_[M],CARM1_[M],1.68E-04
ATF2_[M],AHNAK_[S],1.31E-04
ATF2_[M],AHNAK_[M],8.71E-05
GIGYF1_[S],CNTROB_[S],1.95E-04
PROX1_[M],EP300_[M],2.25E-04
VCAM1_[M],FLNC_[M],1.63E-04
TUBGCP3_[M],AKAP9_[M],1.22E-04
VCAM1_[M],FLNC_[S],1.63E-04
TNFRSF21_[M],STX11_[S],3.62E-04
TTN_[N],OBSCN_[M],5.45E-05
TARBP1_[S],FASN_[M],1.46E-04
PIK3C2B_[M],FASN_[M],1.85E-04
NUP98_[M],CREBBP_[M],1.12E-04
PRKAR1A_[M],BAHD1_[M],2.47E-04
HDAC5_[M],GCN1L1_[S],1.62E-04
PSMG3_[M],CUL1_[M],4.91E-04
TTN_[S],MYPN_[S],4.53E-05
TNK2_[M],GAK_[N],6.67E-04
MAP2K4_[M],FLNB_[M],1.51E-04
ITPR2_[M],HERC2_[M],1.87E-04
ITPR2_[M],HERC2_[S],7.48E-05
VCAM1_[M],PCBP2_[M],4.57E-04
MBOAT1_[M],HSPA4_[M],3.02E-04
FOXO3_[M],CREBBP_[M],1.10E-04
FLNC_[S],FLNB_[SS],1.07E-04
SBF2_[M],BAG6_[M],1.78E-04
MEF2C_[M],HDAC4_[M],2.25E-04
GTF3C1_[M],EP300_[M],2.41E-04
HIF1A_[S],HDAC4_[M],2.33E-04
TSG101_[M],PPFIBP2_[M],3.72E-04
MED13L_[M],HIF1A_[S],1.65E-04
PPP4R1_[M],POLR2A_[M],2.81E-04
POLR2A_[M],DNMT3A_[S],1.85E-04
POLR2A_[M],INTS5_[M],5.98E-04
RET_[M],PTPRF_[M],1.49E-04
TTN_[S],ANK1_[M],4.44E-05
MYO19_[M],MYH10_[M],1.71E-04
REST_[M],HDAC4_[M],1.84E-04
STOML2_[M],ADCK2_[S],5.47E-04
NUP214_[M],IPO5_[M],1.68E-04
ZC3H4_[M],USP28_[M],3.71E-04
SNX4_[M],ATP6V0A1_[M],3.01E-04
CRK_[S],ASAP1_[M],2.13E-04
CRK_[S],ASAP1_[S],2.13E-04
ZNFX1_[M],UGGT1_[M],1.12E-04
PFN2_[M],GOLGB1_[M],1.49E-04
ITGA4_[M],CAD_[M],3.49E-04
VCAM1_[M],DYNC1H1_[M],1.72E-04
ZNF592_[M],ZMYND8_[M],4.54E-04
ITGA4_[M],CAD_[S],1.75E-04
G3BP2_[M],CUL1_[M],2.52E-04
PCDHA4_[M],LRIF1_[M],2.29E-04
DLG5_[M],CTNNB1_[M],1.79E-04
KRT16_[M],CRK_[S],3.62E-04
MYH9_[M],COBL_[M],1.56E-04
ITGB6_[M],FLNB_[SS],1.41E-04
MEN1_[M],KMT2A_[M],2.38E-04
TRIP11_[M],MYH6_[M],2.52E-04
NGEF_[M],FAM118B_[M],3.56E-04
RYK_[M],DSG2_[M],2.28E-04
MN1_[S],EP300_[M],2.33E-04
TPR_[S],PRKDC_[M],8.61E-05
EPPK1_[S],CNTROB_[S],1.52E-04
HIF1A_[S],CEP350_[M],1.15E-04
STOML2_[M],EWSR1_[M],5.09E-04
MYO18A_[M],FLNB_[SS],1.17E-04
NUP214_[M],NUP107_[M],1.42E-04
WNK1_[M],GAK_[N],1.34E-04
MAML2_[M],CREBBP_[M],1.12E-04
VCAM1_[M],STRAP_[M],4.04E-04
SPTBN1_[M],EPB41L3_[M],3.03E-04
HDAC5_[M],CLTC_[M],1.75E-04
KALRN_[S],CACNA1A_[M],1.17E-04
HSPA4_[M],HCFC1_[M],2.92E-04
TPR_[S],LMNA_[M],1.55E-04
WNK1_[M],FLNC_[S],1.02E-04
WNK1_[M],FLNC_[M],1.02E-04
SOX5_[M],CDC25A_[M],2.49E-04
VDR_[M],KDM5A_[M],1.29E-04
RNF31_[M],NOD2_[M],2.47E-04
SUPT6H_[M],POLR2A_[M],2.26E-04
SPDL1_[M],GPS2_[M],7.41E-04
NIN_[M],LUZP1_[M],1.30E-04
RNF14_[M],CTNNB1_[M],2.52E-04
KMT2A_[M],CDC73_[M],1.07E-04
UBR5_[M],BAG6_[M],4.25E-04
KAT2A_[M],DDB1_[M],2.63E-04
NCOA2_[S],ESRRB_[M],1.79E-04
TP53BP1_[M],NUP107_[M],1.56E-04
MET_[M],CRK_[S],1.90E-04
HSPA4_[M],CUL1_[M],5.07E-04
ESRRB_[M],ERBB2_[M],2.74E-04
ROBO2_[N],MYCBP2_[S],8.45E-05
ROBO2_[N],MYCBP2_[M],8.45E-05
GOLGB1_[M],EWSR1_[M],1.44E-04
HSPA4_[M],BCOR_[S],1.79E-04
SIRT1_[M],DYNC1H1_[M],1.63E-04
IFI16_[M],CEP170_[S],2.06E-04
ITGA4_[M],ACTN4_[M],2.19E-04
ZSCAN26_[S],MTOR_[M],2.81E-04
HELZ_[S],CLTC_[M],9.27E-05
SYMPK_[S],KMT2A_[M],1.12E-04
PCDH9_[M],LPPR2_[M],3.56E-04
KIAA0753_[M],ALMS1_[M],1.12E-04
STAMBP_[S],CLTCL1_[M],1.70E-04
NCOA2_[S],CC2D1A_[M],1.66E-04
PRKDC_[M],EP300_[M],8.66E-05
SMARCA4_[M],ARID1B_[M],1.50E-04
ZAP70_[M],ERBB3_[M],2.39E-04
MDC1_[M],FLNB_[M],2.35E-04
WDR36_[S],TBXA2R_[M],2.07E-04
SSRP1_[M],CUL1_[M],6.80E-04
SYNE1_[M],LMNA_[M],2.26E-04
TLR4_[S],HSPA4_[M],2.07E-04
TP53BP2_[M],NIN_[M],1.79E-04
ZFPM2_[M],ITSN1_[S],9.21E-05
MYO9B_[M],HERC2_[M],2.18E-04
MYO9B_[M],HERC2_[S],8.72E-05
WDFY3_[M],MAP1LC3C_[M],2.59E-04
MAGI1_[M],ACTN4_[M],4.28E-04
USP19_[M],SNRNP200_[M],1.71E-04
NIPBL_[M],EWSR1_[M],1.53E-04
FBXL7_[M],AHCYL1_[M],2.33E-04
THRA_[M],NCOA2_[S],2.73E-04
PTPRK_[M],LAMA5_[M],1.24E-04
FLNC_[S],DYNC1H1_[M],2.55E-04
PTPRB_[M],NRCAM_[S],1.56E-04
NIN_[M],HECTD1_[M],3.84E-04
VDR_[M],CREBBP_[S],1.28E-04
VDR_[M],CREBBP_[M],2.57E-04
SMARCA4_[M],MARK4_[M],2.23E-04
TRIM25_[M],KMT2E_[M],1.61E-04
ZMYND8_[M],DDX24_[M],2.73E-04
SIRT1_[M],MTOR_[M],2.35E-04
NFKB1_[M],HDAC5_[M],2.72E-04
EPHA4_[M],ANAPC2_[M],4.46E-04
SSRP1_[M],ITGA4_[M],2.85E-04
HOXD3_[M],DDB1_[M],2.94E-04
EXOC8_[S],EXOC3_[M],3.79E-04
HSPG2_[M],CACNA1A_[M],8.80E-05
HUWE1_[M],EIF3F_[M],1.25E-04
SGTA_[M],PCDHA4_[M],2.64E-04
N4BP2_[M],KDM6A_[S],1.32E-04
HRNR_[M],EWSR1_[M],1.63E-04
N4BP2_[M],KDM6A_[M],1.32E-04
UHRF1BP1L_[S],FERMT3_[M],2.61E-04
HSPA4_[M],ABL1_[M],1.89E-04
VWA8_[M],KEAP1_[M],2.97E-04
MTOR_[M],DDB1_[M],2.28E-04
VCAM1_[M],RBM14_[M],3.38E-04
KIF11_[M],ANKLE2_[M],2.10E-04
PKDREJ_[S],ESRRB_[M],1.92E-04
NRCAM_[S],HSPA12A_[M],1.61E-04
USP15_[M],DFFA_[M],1.86E-04
MYO5A_[M],EXOC3_[M],3.99E-04
UBR5_[M],NCOA2_[S],1.60E-04
SPTBN1_[M],MYO18A_[M],2.49E-04
MKI67_[M],MDC1_[M],9.87E-05
PALLD_[M],NIN_[M],3.95E-04
PEAK1_[M],CRK_[S],1.30E-04
TNKS_[M],CEP170_[S],1.22E-04
HTT_[M],CREBBP_[M],8.24E-05
PLEKHG3_[M],MYO19_[M],4.73E-04
SGTA_[S],HSPA4_[M],5.59E-04
GRIP1_[M],EP300_[M],1.35E-04
SVIL_[M],MYO19_[M],1.72E-04
MDC1_[M],HERC2_[M],4.36E-04
SIRT1_[M],KAT2A_[M],2.78E-04
MDC1_[M],HERC2_[S],1.75E-04
ZBTB3_[M],THRA_[M],5.44E-04
LTBP4_[M],CACNA1A_[M],1.50E-04
WHSC1_[M],IFI16_[M],1.92E-04
NCOA2_[S],CARM1_[M],1.70E-04
VCAM1_[M],CLTC_[M],1.84E-04
XIRP2_[M],FLNC_[M],9.36E-05
XIRP2_[M],FLNC_[S],9.36E-05
RYK_[M],RHOT2_[M],7.30E-04
LUZP1_[M],KIAA0753_[M],1.45E-04
MYH10_[M],CUL1_[M],1.86E-04
TAX1BP1_[M],MAP1LC3C_[M],9.82E-04
MYO18A_[M],ARHGEF17_[M],2.59E-04
NFKB1_[M],NCOR2_[M],3.27E-04
MAP1S_[M],HDAC4_[M],2.42E-04
PRKAR1B_[M],NAPG_[M],3.60E-04
HUWE1_[M],BAG6_[M],1.08E-04
EP400_[S],CTNNB1_[M],1.21E-04
TP63_[M],MAP1A_[S],1.32E-04
VDR_[M],NCOR2_[M],3.01E-04
NOTCH2_[M],CNTN1_[S],1.18E-04
POLR2A_[M],BRINP1_[S],3.01E-04
EP300_[M],ANAPC2_[M],3.27E-04
ITSN1_[S],CLTC_[M],8.07E-05
CUL1_[M],CDC25A_[M],2.92E-04
PCLO_[M],EWSR1_[M],1.74E-04
LRIF1_[M],KBTBD7_[M],2.44E-04
MTOR_[M],MAPKAP1_[M],2.49E-04
STAT4_[M],CRK_[S],3.01E-04
RBM14_[M],CUL1_[M],6.79E-04
SETX_[M],CNTROB_[S],2.03E-04
ZBTB3_[M],PROX1_[M],1.79E-04
MYO19_[M],MYH9_[M],3.46E-04
USP15_[M],TRIM25_[M],1.91E-04
HCFC1_[M],ALDOC_[M],1.84E-04
GLI3_[M],CREBBP_[M],1.05E-04
STAC_[M],ANKLE2_[M],2.54E-04
PARK2_[M],HSPA4_[M],6.66E-04
STAMBP_[S],GAK_[N],1.87E-04
KMT2C_[S],CDC73_[M],9.16E-05
MAP1S_[M],GSN_[M],3.29E-04
KMT2A_[M],CXXC1_[M],1.21E-04
TRRAP_[M],CTNNB1_[M],1.22E-04
VDR_[M],MED23_[M],2.00E-04
TRAF3IP2_[M],HSPA4_[M],2.63E-04
SVIL_[M],KMT2A_[M],9.42E-05
IGF2R_[S],EWSR1_[M],1.20E-04
TTN_[N],MYPN_[S],1.81E-05
SIRT1_[M],HSPA4_[M],2.24E-04
MYO18A_[M],MARK4_[M],1.79E-04
LUZP1_[M],CEP170_[S],1.27E-04
HECW1_[S],GFI1B_[M],1.67E-04
MYO19_[M],COBL_[M],2.14E-04
THRA_[M],HSPA4_[M],8.15E-04
SMARCA4_[M],NCOR2_[M],2.87E-04
DHX38_[M],CLTC_[M],1.62E-04
TEP1_[M],PARP4_[M],1.24E-04
NLRP14_[S],MECOM_[M],2.73E-04
TJP2_[M],MYO18A_[M],1.64E-04
ETV1_[S],EP300_[M],1.54E-04
N4BP2_[M],EP300_[M],2.07E-04
VCAM1_[M],ACTN4_[M],2.49E-04
POLR2A_[M],KMT2D_[M],2.29E-04
VWF_[M],CACNA1A_[M],1.16E-04
SMAD4_[M],ATF7IP_[M],1.13E-04
AHNAK_[M],ACTN4_[M],1.68E-04
MAP1LC3C_[M],KBTBD7_[M],6.76E-04
MEFV_[S],MAP1LC3C_[M],4.27E-04
RPL10L_[M],CUL1_[M],5.16E-04
MECOM_[M],HDAC4_[M],2.37E-04
MYH9_[M],HUWE1_[M],8.99E-05
SGTA_[S],CUL1_[M],7.42E-04
MYO19_[M],ACTN4_[M],4.44E-04
UBR5_[M],NLRP3_[M],2.07E-04
TPR_[S],NUP98_[M],1.20E-04
RPS6KA2_[M],CREBBP_[S],1.20E-04
RPS6KA2_[M],CREBBP_[M],2.41E-04
MYH9_[M],FLNB_[M],2.36E-04
CNTROB_[S],BSN_[M],1.02E-04
RYK_[M],DCHS1_[S],1.46E-04
HSPA4_[M],HDAC5_[M],2.36E-04
ITGA4_[M],GCN1L1_[S],1.55E-04
EWSR1_[M],CSTF2T_[M],4.44E-04
LRP6_[M],DKK1_[M],1.69E-04
USP15_[M],DDX58_[M],3.30E-04
MAP3K5_[M],EP300_[M],2.03E-04
USP34_[N],AHCYL1_[M],2.60E-04
MTOR_[M],LARS_[M],2.23E-04
CREBBP_[M],CENPJ_[M],1.32E-04
TTN_[M],SPEN_[M],2.32E-04
VARS_[M],AHNAK_[S],1.30E-04
EP300_[M],CXXC1_[M],1.60E-04
VARS_[M],AHNAK_[M],8.66E-05
MYH2_[M],ACTN4_[M],1.77E-04
BCAR1_[M],ABL1_[M],2.23E-04
TSC2_[M],HERC1_[S],9.39E-05
MYH9_[M],MACF1_[M],6.46E-05
SYNE2_[S],CEP170_[S],6.99E-05
XIRP1_[M],FLNC_[S],2.56E-04
EGR1_[M],CREBBP_[M],1.43E-04
XIRP1_[M],FLNC_[M],2.56E-04
RHOT2_[M],ACIN1_[M],5.35E-04
TTN_[S],SPEN_[M],8.58E-05
ESRRB_[M],CDC37_[M],4.59E-04
STOML2_[M],PARK2_[M],0.001099304
MTOR_[M],IRS1_[M],1.63E-04
NCOR2_[M],GPS2_[M],6.05E-04
TTN_[S],OBSCN_[M],1.17E-04
IFI16_[M],DHX30_[M],2.89E-04
KAT6A_[M],CREBBP_[M],1.00E-04
YARS_[M],DYNC1H1_[M],3.41E-04
SPTBN1_[M],CUL1_[M],3.46E-04
MYO5A_[M],MYO19_[M],2.46E-04
PTPRF_[M],NPLOC4_[M],1.65E-04
VDR_[M],SIRT1_[M],2.26E-04
ITGB6_[M],FLNB_[M],2.83E-04
RYK_[M],CDC37_[M],4.40E-04
MEN1_[M],CTNNB1_[M],2.90E-04
CTNNB1_[M],CTNNA3_[S],1.39E-04
HUWE1_[M],AKAP9_[M],7.35E-05
ZBED1_[M],PRKAR1A_[M],3.12E-04
YARS_[M],YARS2_[M],3.73E-04
MYO18A_[M],AFAP1_[M],2.65E-04
EP300_[M],CARM1_[M],3.10E-04
CENPJ_[M],CAMSAP1_[M],1.66E-04
SETD2_[M],POLR2A_[M],2.01E-04
POLR2A_[M],PIH1D1_[S],7.55E-04
KMT2E_[M],CUL1_[M],2.05E-04
HIF1A_[S],EP300_[M],1.48E-04
KMT2D_[M],KDM6A_[M],8.05E-05
PRKDC_[M],ANAPC2_[M],1.24E-04
SUPT6H_[M],PDCD11_[M],1.54E-04
KMT2D_[M],KDM6A_[S],8.05E-05
EWSR1_[M],CREBBP_[M],2.23E-04
POLR2A_[M],KMT2A_[M],2.94E-04
IRF9_[S],CREBBP_[M],1.58E-04
FLNC_[M],FLNB_[M],2.14E-04
NFKB1_[M],COPB2_[M],2.84E-04
EHD1_[M],ANKFY1_[M],1.67E-04
ITGA4_[M],FERMT3_[M],2.99E-04
HCK_[M],ADAM15_[M],3.92E-04
EWSR1_[M],BCL9_[M],2.24E-04
MYO5A_[M],MYH11_[M],1.10E-04
EWSR1_[M],CUL1_[M],3.50E-04
CEP170_[M],CC2D1A_[M],1.92E-04
TRIP11_[M],THRA_[M],9.57E-04
TFIP11_[M],GPS2_[M],7.02E-04
TJP2_[M],KBTBD7_[M],2.14E-04
TP63_[M],EP300_[M],1.38E-04
KIAA0753_[M],CENPJ_[M],2.17E-04
STRAP_[M],HUWE1_[M],1.20E-04
SYNE1_[N],NUP107_[M],5.85E-05
SPEN_[M],FERMT3_[M],2.72E-04
SREBF2_[M],CREBBP_[M],1.25E-04
HERC2_[M],CTNNB1_[M],2.62E-04
CEP170_[S],ARHGEF2_[M],1.82E-04
VAC14_[M],LINC00518_[R],5.06E-04
MCM3AP_[M],CDC25A_[M],2.00E-04
TPR_[S],NUP205_[M],1.25E-04
SPTBN1_[M],MEF2C_[M],1.56E-04
CEP170_[S],AKAP9_[M],2.07E-04
MEN1_[M],HSPA4_[M],5.01E-04
JAK1_[M],ATIC_[M],2.75E-04
TP53BP2_[M],PPP1R3A_[M],2.21E-04
USP22_[N],TRRAP_[M],1.12E-04
CRK_[S],BCAR1_[M],5.63E-04
NIN_[M],MYH13_[M],3.20E-04
HSF1_[S],CREBBP_[M],1.54E-04
PARK2_[M],ATP2B1_[M],2.68E-04
SREBF2_[M],ATF7IP_[M],1.42E-04
VAC14_[M],FNDC3B_[M],3.64E-04
ZBTB20_[M],MYH9_[M],3.90E-04
TTN_[N],SPEN_[M],3.43E-05
ZMYND8_[M],INTS5_[M],6.94E-04
KMT2A_[M],HCFC1_[M],1.78E-04
PPP2R1B_[M],INTS5_[M],2.25E-04
GRIA1_[M],ANAPC2_[M],2.40E-04
FBXL7_[M],CUL1_[M],2.62E-04
HERC2_[S],BICD2_[M],1.00E-04
STAMBPL1_[M],CLTC_[M],2.01E-04
ZC3H4_[M],DYNC1H1_[M],2.93E-04
MYH9_[M],DSG2_[M],1.50E-04
EP300_[M],DNA2_[M],2.90E-04
TSG101_[M],BAG6_[M],3.55E-04
TFIP11_[M],ANKRD11_[S],1.64E-04
ATP9A_[M],ABCC3_[S],1.45E-04
SMARCA4_[M],POLR2A_[M],4.94E-04
TRIM33_[S],RUNX1T1_[S],1.28E-04
SGTA_[S],PFN2_[M],4.36E-04
TP53BP2_[M],HSPA4_[M],2.11E-04
TTN_[M],MYPN_[S],1.18E-04
VDR_[M],EP300_[M],2.79E-04
NBN_[M],CELA2B_[M],3.58E-04
SSH2_[M],MYO19_[M],4.48E-04
SPEN_[M],NCOR2_[M],1.93E-04
SUPT6H_[M],MDC1_[M],1.42E-04
TSG101_[M],TRIM25_[M],2.65E-04
HERC2_[M],CEP170_[M],2.26E-04
HERC2_[M],CEP170_[S],4.51E-04
SVIL_[M],MYH9_[M],1.33E-04
SREK1_[M],RBM25_[M],2.14E-04
IPO5_[M],HK2_[M],1.98E-04
HSPA4_[M],CDC73_[M],2.04E-04
PALLD_[M],MYO19_[M],5.20E-04
PTPRK_[M],LRP1B_[M],1.42E-04
CREBBP_[S],ANAPC2_[M],1.49E-04
THRA_[M],GRIP1_[M],3.87E-04
VDR_[M],RNF14_[M],4.45E-04
TNK2_[M],HCK_[M],4.48E-04
TP63_[M],CAD_[S],1.64E-04
TP63_[M],CAD_[M],3.29E-04
ILKAP_[M],FBXO18_[S],3.96E-04
RBM14_[M],ILF2_[SS],4.46E-04
HUWE1_[M],DDB1_[M],1.04E-04
TRIM33_[S],SMAD4_[M],1.17E-04
UBR5_[M],TUBGCP3_[M],2.11E-04
SUPT5H_[M],CARM1_[M],2.84E-04
EWSR1_[M],BAG6_[M],3.09E-04
SMYD2_[M],EPB41L3_[M],3.14E-04
CEP170_[M],AKAP9_[M],1.04E-04
KBTBD7_[M],GTF3C1_[M],3.40E-04
OLA1_[M],ASCC2_[M],2.77E-04
MAP3K5_[M],ERN1_[M],1.53E-04
SMARCA4_[M],ATL2_[M],2.42E-04
CACNA1A_[M],BTG3_[M],2.03E-04
PARK2_[M],GRIN2B_[M],8.69E-05
KMT2A_[M],KIF11_[M],1.08E-04
MYO19_[M],GSN_[M],5.96E-04
SREBF2_[M],SPTBN1_[M],1.46E-04
TUBGCP3_[M],CEP170_[S],1.86E-04
MRVI1_[M],ITPR1_[M],1.22E-04
POLR2A_[M],MED23_[M],2.50E-04
ILF2_[SS],EP300_[M],1.78E-04
HIF1A_[S],CREBBP_[M],2.04E-04
PARK2_[M],HDAC4_[M],6.84E-04
HERC1_[M],EP300_[M],8.09E-05
RFC3_[M],RFC1_[M],4.12E-04
POLR2A_[M],IFI16_[M],3.12E-04
TAX1BP1_[M],CXXC1_[M],3.43E-04
HOXB3_[M],CREBBP_[M],1.49E-04
TTN_[M],OBSCN_[M],3.12E-04
PITX2_[M],CTNNB1_[M],2.82E-04
TRRAP_[M],FOXO3_[M],1.00E-04
NACC1_[S],HDAC4_[M],2.24E-04
MYH9_[M],ITGA4_[M],1.71E-04
MYO18A_[M],CDC42BPB_[M],1.39E-04
INPP5J_[M],CDC23_[M],3.08E-04
CREBBP_[M],ATF2_[M],1.34E-04
USP28_[M],JOSD1_[M],4.81E-04
RFC1_[M],NF2_[M],2.75E-04
PRKAR1A_[M],CAPN11_[M],3.17E-04
SGTA_[S],AHCYL1_[M],6.30E-04
ZSCAN26_[S],MSH3_[M],3.28E-04
ZEB2_[S],EP300_[M],2.68E-04
LRP1B_[M],EWSR1_[M],1.56E-04
KIAA0753_[M],CEP170_[M],1.71E-04
KIAA0753_[M],CEP170_[S],3.42E-04
PCBP2_[M],CUL1_[M],9.17E-04
VARS_[M],CAD_[M],3.46E-04
VARS_[M],CAD_[S],1.73E-04
MED23_[M],EP400_[S],1.11E-04
CTNNB1_[M],CARM1_[M],2.83E-04
MAP3K5_[M],CREBBP_[M],1.25E-04
VDR_[M],ACTN4_[M],4.11E-04
TRIM33_[M],CDC23_[M],1.74E-04
POLR2A_[M],ATF7IP_[M],3.84E-04
MCM3AP_[M],IFI16_[M],2.21E-04
SOS1_[M],CRK_[S],1.64E-04
PARK2_[M],ABL1_[M],3.02E-04
TRIM33_[S],EWSR1_[M],1.82E-04
NFKB1_[M],HSPA4_[M],4.70E-04
XIRP1_[M],NEB_[M],7.38E-05
SIRT1_[M],EP300_[M],1.46E-04
GOLGB1_[M],GAK_[N],2.56E-04
PRKAR1B_[M],AKAP1_[M],3.35E-04
SENP6_[M],LMNA_[M],2.06E-04
PELO_[M],MDC1_[M],3.35E-04
RPS6KA2_[M],RPS6KA1_[M],2.22E-04
CTNNB1_[M],CREBBP_[M],1.38E-04
FBXO18_[S],CUL1_[M],6.04E-04
TRIM33_[S],CDC23_[M],3.48E-04
PRKAA2_[M],NRAP_[M],1.34E-04
HOXB3_[S],CREBBP_[M],1.49E-04
TRPC3_[M],ITPR1_[M],1.45E-04
KAT6A_[M],EP300_[M],1.07E-04
EWSR1_[M],EP300_[M],1.63E-04
SALL1_[M],BCOR_[S],1.74E-04
STOML2_[M],PRKAR1A_[M],4.12E-04
MCM3AP_[M],LMNA_[M],2.13E-04
KIAA0753_[M],CAMSAP1_[M],3.19E-04
PARK2_[M],NACC1_[S],3.48E-04
ZCCHC12_[M],CREBBP_[S],1.53E-04
ZCCHC12_[M],CREBBP_[M],3.07E-04
LRP1_[M],CUBN_[M],1.49E-04
PTBP1_[M],CUL1_[M],3.22E-04
MYO19_[M],CLTC_[S],1.69E-04
ERBB2_[M],CRK_[S],2.37E-04
PALLD_[M],KDR_[M],2.11E-04
HGS_[M],ACTN4_[M],2.52E-04
MYO19_[M],CLTC_[M],3.39E-04
RBM14_[M],MED23_[M],2.48E-04
TTN_[N],EWSR1_[M],1.87E-05
SH2B3_[M],ERBB2_[M],2.01E-04
MARK4_[M],HSPA4_[M],2.38E-04
SMARCA4_[M],CARM1_[M],4.59E-04
MYH9_[M],ARHGEF17_[M],2.61E-04
THRA_[M],EP300_[M],4.95E-04
TRIO_[M],CENPJ_[M],1.29E-04
PCDHA4_[M],APLP1_[M],2.58E-04
CREBBP_[M],CARM1_[M],2.83E-04
TRIO_[M],NAV2_[M],1.05E-04
FLNB_[SS],AHNAK_[M],7.08E-05
CUL1_[M],CLTCL1_[M],4.66E-04
FLNB_[SS],AHNAK_[S],1.06E-04
NUP214_[M],HDAC4_[M],1.81E-04
ZNF281_[M],KDM6A_[M],1.94E-04
ZNF281_[M],KDM6A_[S],1.94E-04
MDC1_[M],FLNB_[SS],1.17E-04
SSRP1_[M],RBM14_[M],7.08E-04
POLR2A_[M],CREBBP_[S],1.71E-04
POLR2A_[M],CREBBP_[M],3.42E-04
TNK2_[M],BCAR1_[M],7.72E-04
XIRP2_[S],FLNC_[S],1.87E-04
XIRP2_[S],FLNC_[M],1.87E-04
HNRNPH3_[M],CUL1_[M],3.70E-04
CDC37_[M],CC2D1A_[M],3.85E-04
EP300_[M],COBL_[M],1.34E-04
VCAM1_[M],SSRP1_[M],3.39E-04
SPEN_[M],RUNX1T1_[S],1.02E-04
PALLD_[M],CENPJ_[M],2.51E-04
SSH2_[M],MYH9_[M],3.57E-04
MTOR_[M],MTMR3_[M],2.04E-04
MDC1_[M],EP300_[M],2.33E-04
PPP1R3A_[M],PEAK1_[M],1.26E-04
HERC2_[M],GNA13_[M],2.47E-04
EVPL_[M],ACIN1_[M],1.73E-04
THRA_[M],CUL1_[M],0.001071046
KAT6A_[M],CRK_[S],1.53E-04
EPB41L3_[M],DDB1_[M],2.17E-04
KRT16_[M],CUL1_[M],4.25E-04
ROCK1_[S],ANKFY1_[M],2.37E-04
NUP107_[M],IFI16_[M],2.15E-04
ERBB3_[M],CRK_[S],2.04E-04
RFC1_[M],RBM14_[M],7.78E-04
RUNX1T1_[S],NCOR2_[M],1.26E-04
HUWE1_[M],AHNAK2_[M],1.21E-04
EWSR1_[M],ACE_[S],2.92E-04
MYO6_[M],CLTC_[M],1.50E-04
PARK2_[M],DDIT4_[M],5.06E-04
EHD1_[M],CLTC_[M],1.62E-04
KDR_[M],CUL1_[M],2.25E-04
HSF1_[S],DR1_[M],5.28E-04
SMAD4_[M],EP300_[M],1.09E-04
SNRNP200_[M],PARK2_[M],3.53E-04
TRIM33_[S],CTNNB1_[M],1.66E-04
MEN1_[M],KMT2D_[M],1.77E-04
HECTD1_[M],DIRAS3_[M],2.70E-04
MTOR_[M],HSPA4_[M],4.44E-04
SPTBN1_[M],EWSR1_[M],1.80E-04
TAX1BP1_[M],MYO6_[M],2.36E-04
CLTC_[M],AP1B1_[M],1.72E-04
KMT2E_[M],DHX30_[M],1.86E-04
MYO6_[M],MYO18A_[M],1.52E-04
TRIM25_[M],PITX2_[M],4.40E-04
SMARCA4_[M],CTNNB1_[M],2.19E-04
VDR_[M],HR_[M],3.60E-04
LRP12_[M],KLRAP1_[R],3.09E-04
TBC1D10A_[M],FERMT3_[M],4.38E-04
KIAA0430_[M],CLTC_[M],1.29E-04
TSG101_[M],EP300_[M],1.75E-04
MAP3K5_[M],HSPA4_[M],2.00E-04
MYO19_[M],ITGB4_[M],2.01E-04
HDAC5_[M],EIF3F_[M],4.07E-04
HERC2_[M],HERC1_[S],3.28E-04
HERC2_[M],HERC1_[M],1.64E-04
USP19_[M],GCN1L1_[M],1.51E-04
USP19_[M],GCN1L1_[S],3.02E-04
RYK_[M],FAT4_[S],1.05E-04
RYK_[M],FAT4_[M],2.10E-04
RASGRP3_[S],PRKCQ_[M],2.49E-04
RFC1_[M],CDC45_[S],4.37E-04
KMT2E_[M],HCFC1_[M],1.28E-04
MPHOSPH9_[M],KIAA0753_[M],1.78E-04
NSMAF_[M],KBTBD7_[M],2.41E-04
MYH6_[M],MCM3AP_[M],1.66E-04
RBM14_[M],ITGA4_[M],2.85E-04
GAK_[N],CLTC_[M],3.28E-04
GAK_[N],CLTC_[S],1.64E-04
RORA_[M],PROX1_[M],1.05E-04
NUP107_[M],ITPR2_[M],1.12E-04
NBN_[M],MDC1_[M],1.63E-04
PARK2_[M],CTNNB1_[M],3.79E-04
MET_[M],HSPA4_[M],1.75E-04
TPR_[S],ITGA4_[M],1.44E-04
SREK1_[M],ILF2_[SS],4.89E-04
NFKB1_[M],MEN1_[M],5.84E-04
MTOR_[M],BAG6_[M],4.80E-04
ROBO2_[M],MYCBP2_[M],1.69E-04
ROBO2_[M],MYCBP2_[S],1.69E-04
MCM3AP_[M],EP300_[M],2.54E-04
WDR36_[S],IFI16_[M],2.02E-04
ZAP70_[M],CRK_[S],6.33E-04
PCDH7_[M],CEP350_[M],1.01E-04
PARK2_[M],NDUFS2_[M],4.82E-04
NF2_[M],DHX30_[M],1.98E-04
EPPK1_[S],DYNC1H1_[M],2.97E-04
LRP6_[M],FZD5_[M],2.39E-04
HERC1_[S],EP300_[M],1.62E-04
N4BP2_[M],CREBBP_[M],1.95E-04
N4BP2_[M],CREBBP_[S],9.73E-05
SMARCA4_[M],MDC1_[M],3.08E-04
PLAA_[M],HK1_[M],2.51E-04
SUPT16H_[M],RNF20_[M],2.32E-04
TXNRD1_[M],IPO5_[M],4.90E-04
RYK_[M],PRKDC_[M],1.22E-04
THRA_[M],PRKDC_[M],1.87E-04
CLTC_[M],CLTCL1_[M],3.01E-04
NCOR2_[M],HDAC5_[M],1.64E-04
CHD8_[M],CASR_[M],1.67E-04
PRKAR1A_[M],MTOR_[M],2.45E-04
OLA1_[M],ALDOC_[M],3.13E-04
TARBP1_[S],BAG6_[M],4.47E-04
HDAC4_[M],CAMK1_[M],2.87E-04
ITGA4_[M],FLNB_[M],1.46E-04
LMNA_[M],HERC2_[M],2.70E-04
LMNA_[M],HERC2_[S],1.08E-04
HSPA4_[M],ERBB2_[M],2.13E-04
BZRAP1_[M],ANKRD11_[S],1.31E-04
LTBP3_[M],CACNA1A_[M],1.56E-04
ZAP70_[M],USP12_[M],2.88E-04
VDR_[M],BAZ1B_[M],3.68E-04
EP300_[M],CTNNB1_[M],1.50E-04
TLE3_[M],AHCYL1_[M],2.00E-04
VAC14_[M],PPIP5K2_[M],6.73E-04
MAGEA4_[M],GTF3C1_[M],2.29E-04
NIN_[M],CEP170_[M],1.50E-04
NIN_[M],CEP170_[S],3.00E-04
SH2D3A_[S],BCAR1_[M],7.25E-04
SUPT16H_[M],ACIN1_[M],2.08E-04
HERC2_[S],AKAP9_[M],1.44E-04
